cust0000,Jerry Houston,556 Franklin Dr.,(610) 842-4284,JHouston@aol.com
cust0001,Mike Kirby,144 Fawn Dr.,(510) 398-8826,MKirby@outlook.com
cust0002,Mike Cole,11 Wayne Rd.,(484) 611-7271,MCole@aol.com
cust0003,Ulysses Hudson,9865 Canal Street,(776) 306-1111,UHudson@outlook.com
cust0004,Elijah Hoover,3 Bank Dr.,(610) 842-4284,EHoover@gmail.com
cust0005,Warren Kirby,879 Woodsman Lane,(358) 865-0197,WKirby@mac.com
cust0006,Dave Pace,58 Brewery Street,(484) 611-7271,DPace@aol.com
cust0007,Elijah Cole,3 Bank Dr.,(535) 219-8331,ECole@mac.com
cust0008,Harry Gibson,274 George St.,(694) 547-4859,HGibson@mac.com
cust0009,Zed Mcmillan,40 Ramblewood St.,(513) 465-2638,ZMcmillan@gmail.com
cust0010,Pete Mays,699 Arch St.,(694) 547-4859,PMays@yahoo.com
cust0011,Xander Pena,9865 Canal Street,(213) 759-0227,XPena@yahoo.com
cust0012,Yuri Mays,32 Rocky River Dr.,(610) 842-4284,YMays@gmail.com
cust0013,Lenny Casey,384 Carriage Street,(776) 306-1111,LCasey@mac.com
cust0014,Zed Houston,144 Fawn Dr.,(470) 594-8260,ZHouston@yahoo.com
cust0015,Nate Santiago,556 Franklin Dr.,(510) 398-8826,NSantiago@aol.com
cust0016,Charley Mcmillan,699 Arch St.,(269) 776-8706,CMcmillan@yahoo.com
cust0017,Nate Hernandez,58 Brewery Street,(776) 306-1111,NHernandez@yahoo.com
cust0018,Terry Hernandez,87 East Acacia St.,(535) 219-8331,THernandez@yahoo.com
cust0019,Frank Todd,54 Bay Street,(470) 594-8260,FTodd@yahoo.com
cust0020,Steve Todd,879 Woodsman Lane,(699) 521-0897,STodd@outlook.com
cust0021,Q Blake,166 Lookout St.,(680) 889-4277,QBlake@mac.com
cust0022,Lenny Cole,58 Brewery Street,(648) 252-6439,LCole@mac.com
cust0023,Q Pena,11 Wayne Rd.,(685) 645-7985,QPena@mac.com
cust0024,Warren Pena,106 Sage Street,(878) 371-3922,WPena@yahoo.com
cust0025,Bill Reese,40 Ramblewood St.,(484) 611-7271,BReese@aol.com
cust0026,Terry Mcmillan,5 Smoky Hollow Ave.,(878) 371-3922,TMcmillan@yahoo.com
cust0027,Terry Santiago,8907 Hartford St.,(535) 219-8331,TSantiago@outlook.com
cust0028,Ulysses Kirby,384 Carriage Street,(878) 371-3922,UKirby@aol.com
cust0029,Mike Pace,7262 Marlborough St.,(291) 991-3613,MPace@mac.com
cust0030,Victor Pitts,699 Arch St.,(699) 943-1537,VPitts@yahoo.com
cust0031,Nate Pope,699 Arch St.,(535) 219-8331,NPope@outlook.com
cust0032,Aaron Andrade,87 East Acacia St.,(470) 594-8260,AAndrade@gmail.com
cust0033,Dave Hudson,3 Bank Dr.,(699) 943-1537,DHudson@outlook.com
cust0034,Frank Pena,3 Bank Dr.,(470) 594-8260,FPena@mac.com
cust0035,Xander Andrade,166 Lookout St.,(684) 837-4209,XAndrade@aol.com
cust0036,Red Cole,54 Bay Street,(484) 611-7271,RCole@mac.com
cust0037,Nate Moore,8761 North Dr.,(269) 776-8706,NMoore@aol.com
cust0038,Warren Cervantes,274 George St.,(259) 918-3153,WCervantes@aol.com
cust0039,Red Pena,87 East Acacia St.,(694) 547-4859,RPena@gmail.com
cust0040,Yuri Mays,106 Sage Street,(358) 865-0197,YMays@mac.com
cust0041,George Andrade,556 Franklin Dr.,(872) 208-7807,GAndrade@outlook.com
cust0042,Ulysses Gibson,11 Wayne Rd.,(513) 465-2638,UGibson@outlook.com
cust0043,Zed Houston,9865 Canal Street,(662) 255-5500,ZHouston@mac.com
cust0044,Idris Andrade,556 Franklin Dr.,(535) 219-8331,IAndrade@mac.com
cust0045,Idris Cervantes,384 Carriage Street,(358) 865-0197,ICervantes@mac.com
cust0046,Harry Phelps,11 Wayne Rd.,(213) 759-0227,HPhelps@mac.com
cust0047,Zed Blake,11 Wayne Rd.,(694) 547-4859,ZBlake@aol.com
cust0048,Aaron Pace,8949 West Delaware Ave.,(269) 776-8706,APace@aol.com
cust0049,Terry Frost,5 Smoky Hollow Ave.,(680) 889-4277,TFrost@aol.com
cust0050,Ulysses Reese,9865 Canal Street,(535) 219-8331,UReese@aol.com
cust0051,Karl Compton,106 Sage Street,(358) 865-0197,KCompton@mac.com
cust0052,Zed Mullins,9865 Canal Street,(878) 371-3922,ZMullins@gmail.com
cust0053,Ulysses Santiago,699 Arch St.,(694) 547-4859,USantiago@aol.com
cust0054,Jerry Santiago,802 Wayne Street,(259) 918-3153,JSantiago@mac.com
cust0055,Steve Gibson,556 Franklin Dr.,(259) 918-3153,SGibson@aol.com
cust0056,Elijah Houston,556 Franklin Dr.,(648) 252-6439,EHouston@gmail.com
cust0057,Karl Blake,7262 Marlborough St.,(699) 943-1537,KBlake@yahoo.com
cust0058,Yuri Compton,7798 West Bay Meadows Street,(694) 547-4859,YCompton@aol.com
cust0059,Zed Andrade,930 Peninsula Street,(291) 991-3613,ZAndrade@yahoo.com
cust0060,Victor Hernandez,7685 Piper St.,(610) 842-4284,VHernandez@outlook.com
cust0061,Mike Pitts,3 Bank Dr.,(736) 777-4851,MPitts@yahoo.com
cust0062,Mike Carlson,274 George St.,(610) 842-4284,MCarlson@yahoo.com
cust0063,Zed Reese,58 Brewery Street,(535) 219-8331,ZReese@yahoo.com
cust0064,Warren Mays,32 Rocky River Dr.,(662) 255-5500,WMays@yahoo.com
cust0065,Karl Gibson,846 James Ave.,(685) 645-7985,KGibson@gmail.com
cust0066,Zed Hudson,384 Carriage Street,(685) 645-7985,ZHudson@aol.com
cust0067,Red Carlson,40 Ramblewood St.,(291) 991-3613,RCarlson@yahoo.com
cust0068,Lenny Reese,8949 West Delaware Ave.,(610) 842-4284,LReese@yahoo.com
cust0069,Nate Hudson,166 Lookout St.,(291) 991-3613,NHudson@gmail.com
cust0070,Dave Hernandez,8761 North Dr.,(694) 547-4859,DHernandez@outlook.com
cust0071,Nate Pena,58 Brewery Street,(878) 371-3922,NPena@gmail.com
cust0072,Red Pope,11 Wayne Rd.,(513) 465-2638,RPope@gmail.com
cust0073,Victor Santiago,40 Ramblewood St.,(699) 943-1537,VSantiago@outlook.com
cust0074,Yuri Pace,5 Smoky Hollow Ave.,(534) 985-2899,YPace@gmail.com
cust0075,Steve Casey,11 Wayne Rd.,(535) 219-8331,SCasey@mac.com
cust0076,Terry Hernandez,87 East Acacia St.,(685) 645-7985,THernandez@yahoo.com
cust0077,Harry Pitts,879 Woodsman Lane,(513) 465-2638,HPitts@mac.com
cust0078,Xander Hernandez,8949 West Delaware Ave.,(291) 991-3613,XHernandez@outlook.com
cust0079,Karl Blake,846 James Ave.,(610) 842-4284,KBlake@gmail.com
cust0080,Charley Santiago,556 Franklin Dr.,(684) 837-4209,CSantiago@yahoo.com
cust0081,Steve Cole,106 Sage Street,(988) 479-5775,SCole@outlook.com
cust0082,Q Hernandez,144 Fawn Dr.,(461) 973-0480,QHernandez@outlook.com
cust0083,Victor Hernandez,106 Sage Street,(648) 252-6439,VHernandez@aol.com
cust0084,Elijah Cole,699 Arch St.,(534) 985-2899,ECole@gmail.com
cust0085,George Pena,699 Arch St.,(648) 252-6439,GPena@yahoo.com
cust0086,Victor Pace,384 Carriage Street,(470) 594-8260,VPace@aol.com
cust0087,Charley Santiago,166 Lookout St.,(878) 371-3922,CSantiago@aol.com
cust0088,Dave Carlson,802 Wayne Street,(699) 521-0897,DCarlson@aol.com
cust0089,Warren Moore,3 Bank Dr.,(684) 837-4209,WMoore@yahoo.com
cust0090,Warren Mullins,8907 Hartford St.,(461) 973-0480,WMullins@outlook.com
cust0091,Oscar Pena,556 Franklin Dr.,(878) 371-3922,OPena@aol.com
cust0092,Oscar Kirby,11 Wayne Rd.,(685) 645-7985,OKirby@gmail.com
cust0093,Oscar Hernandez,7262 Marlborough St.,(513) 465-2638,OHernandez@yahoo.com
cust0094,Charley Cole,930 Peninsula Street,(662) 255-5500,CCole@gmail.com
cust0095,Red Houston,54 Bay Street,(269) 776-8706,RHouston@outlook.com
cust0096,Xander Santiago,9865 Canal Street,(534) 985-2899,XSantiago@yahoo.com
cust0097,Xander Carlson,166 Lookout St.,(680) 889-4277,XCarlson@gmail.com
cust0098,Steve Pitts,166 Lookout St.,(776) 306-1111,SPitts@outlook.com
cust0099,Ulysses Andrade,8949 West Delaware Ave.,(470) 594-8260,UAndrade@mac.com
cust0100,Harry Todd,556 Franklin Dr.,(685) 645-7985,HTodd@outlook.com
cust0101,Warren Mullins,274 George St.,(461) 973-0480,WMullins@aol.com
cust0102,Warren Hoover,384 Carriage Street,(610) 842-4284,WHoover@gmail.com
cust0103,George Casey,144 Fawn Dr.,(470) 594-8260,GCasey@mac.com
cust0104,Zed Carlson,7262 Marlborough St.,(291) 991-3613,ZCarlson@gmail.com
cust0105,Elijah Pena,556 Franklin Dr.,(776) 306-1111,EPena@yahoo.com
cust0106,Terry Reese,7798 West Bay Meadows Street,(776) 306-1111,TReese@mac.com
cust0107,Charley Reese,384 Carriage Street,(213) 759-0227,CReese@outlook.com
cust0108,Xander Gibson,384 Carriage Street,(662) 255-5500,XGibson@gmail.com
cust0109,Terry Hoover,879 Woodsman Lane,(358) 865-0197,THoover@mac.com
cust0110,Frank Mays,384 Carriage Street,(776) 306-1111,FMays@aol.com
cust0111,Pete Pitts,11 Wayne Rd.,(736) 777-4851,PPitts@aol.com
cust0112,Steve Moore,556 Franklin Dr.,(461) 973-0480,SMoore@aol.com
cust0113,Dave Hernandez,144 Fawn Dr.,(269) 776-8706,DHernandez@mac.com
cust0114,Ulysses Santiago,7262 Marlborough St.,(662) 255-5500,USantiago@mac.com
cust0115,Frank Todd,8907 Hartford St.,(484) 611-7271,FTodd@mac.com
cust0116,Mike Frost,11 Wayne Rd.,(736) 777-4851,MFrost@outlook.com
cust0117,George Todd,106 Sage Street,(685) 645-7985,GTodd@gmail.com
cust0118,Red Cole,3 Bank Dr.,(610) 842-4284,RCole@yahoo.com
cust0119,Victor Cervantes,3 Bank Dr.,(610) 842-4284,VCervantes@yahoo.com
cust0120,Victor Santiago,7798 West Bay Meadows Street,(872) 208-7807,VSantiago@aol.com
cust0121,Red Andrade,556 Franklin Dr.,(291) 991-3613,RAndrade@gmail.com
cust0122,Harry Mays,846 James Ave.,(776) 306-1111,HMays@yahoo.com
cust0123,Q Mcmillan,8761 North Dr.,(648) 252-6439,QMcmillan@mac.com
cust0124,Ulysses Phelps,8949 West Delaware Ave.,(461) 973-0480,UPhelps@outlook.com
cust0125,Terry Pitts,87 East Acacia St.,(535) 219-8331,TPitts@outlook.com
cust0126,Q Hoover,9865 Canal Street,(259) 918-3153,QHoover@outlook.com
cust0127,Aaron Cervantes,8907 Hartford St.,(484) 611-7271,ACervantes@gmail.com
cust0128,Bill Todd,556 Franklin Dr.,(699) 943-1537,BTodd@yahoo.com
cust0129,Zed Pope,54 Bay Street,(534) 985-2899,ZPope@mac.com
cust0130,Charley Hoover,87 East Acacia St.,(736) 777-4851,CHoover@outlook.com
cust0131,Mike Todd,384 Carriage Street,(648) 252-6439,MTodd@gmail.com
cust0132,Jerry Mcmillan,7798 West Bay Meadows Street,(648) 252-6439,JMcmillan@aol.com
cust0133,Aaron Todd,166 Lookout St.,(662) 255-5500,ATodd@gmail.com
cust0134,Ulysses Moore,274 George St.,(736) 777-4851,UMoore@yahoo.com
cust0135,Jerry Phelps,40 Ramblewood St.,(610) 842-4284,JPhelps@aol.com
cust0136,Xander Pace,7262 Marlborough St.,(470) 594-8260,XPace@mac.com
cust0137,Ulysses Moore,9865 Canal Street,(699) 943-1537,UMoore@mac.com
cust0138,Harry Mullins,58 Brewery Street,(269) 776-8706,HMullins@yahoo.com
cust0139,Xander Houston,58 Brewery Street,(291) 991-3613,XHouston@yahoo.com
cust0140,Zed Hernandez,11 Wayne Rd.,(513) 465-2638,ZHernandez@mac.com
cust0141,Lenny Cole,930 Peninsula Street,(988) 479-5775,LCole@aol.com
cust0142,Bill Compton,699 Arch St.,(699) 521-0897,BCompton@outlook.com
cust0143,Pete Hudson,556 Franklin Dr.,(685) 645-7985,PHudson@yahoo.com
cust0144,Elijah Gibson,846 James Ave.,(776) 306-1111,EGibson@yahoo.com
cust0145,Q Carlson,106 Sage Street,(684) 837-4209,QCarlson@yahoo.com
cust0146,Harry Reese,7262 Marlborough St.,(610) 842-4284,HReese@aol.com
cust0147,Zed Phelps,54 Bay Street,(213) 759-0227,ZPhelps@yahoo.com
cust0148,Dave Frost,54 Bay Street,(291) 991-3613,DFrost@aol.com
cust0149,Warren Mays,166 Lookout St.,(535) 219-8331,WMays@yahoo.com
cust0150,Aaron Hernandez,7798 West Bay Meadows Street,(484) 611-7271,AHernandez@gmail.com
cust0151,Jerry Pope,166 Lookout St.,(510) 398-8826,JPope@mac.com
cust0152,Victor Carlson,384 Carriage Street,(776) 306-1111,VCarlson@mac.com
cust0153,George Phelps,930 Peninsula Street,(461) 973-0480,GPhelps@mac.com
cust0154,Jerry Moore,58 Brewery Street,(878) 371-3922,JMoore@mac.com
cust0155,Pete Santiago,5 Smoky Hollow Ave.,(685) 645-7985,PSantiago@aol.com
cust0156,Frank Hernandez,3 Bank Dr.,(694) 547-4859,FHernandez@outlook.com
cust0157,Nate Hernandez,699 Arch St.,(680) 889-4277,NHernandez@outlook.com
cust0158,Red Hudson,8949 West Delaware Ave.,(878) 371-3922,RHudson@outlook.com
cust0159,Lenny Mullins,7798 West Bay Meadows Street,(213) 759-0227,LMullins@gmail.com
cust0160,Red Carlson,144 Fawn Dr.,(776) 306-1111,RCarlson@aol.com
cust0161,Victor Pope,802 Wayne Street,(694) 547-4859,VPope@yahoo.com
cust0162,Xander Pena,11 Wayne Rd.,(513) 465-2638,XPena@outlook.com
cust0163,Oscar Frost,87 East Acacia St.,(535) 219-8331,OFrost@gmail.com
cust0164,Aaron Kirby,556 Franklin Dr.,(872) 208-7807,AKirby@outlook.com
cust0165,Jerry Blake,8907 Hartford St.,(662) 255-5500,JBlake@outlook.com
cust0166,Harry Hudson,106 Sage Street,(513) 465-2638,HHudson@aol.com
cust0167,Nate Cole,106 Sage Street,(988) 479-5775,NCole@outlook.com
cust0168,George Pena,384 Carriage Street,(648) 252-6439,GPena@aol.com
cust0169,Frank Todd,879 Woodsman Lane,(684) 837-4209,FTodd@gmail.com
cust0170,Xander Houston,54 Bay Street,(736) 777-4851,XHouston@yahoo.com
cust0171,Zed Cervantes,3 Bank Dr.,(510) 398-8826,ZCervantes@gmail.com
cust0172,Idris Hoover,87 East Acacia St.,(535) 219-8331,IHoover@outlook.com
cust0173,Jerry Mays,930 Peninsula Street,(988) 479-5775,JMays@mac.com
cust0174,George Phelps,556 Franklin Dr.,(694) 547-4859,GPhelps@mac.com
cust0175,Nate Cervantes,846 James Ave.,(988) 479-5775,NCervantes@aol.com
cust0176,Dave Blake,8761 North Dr.,(269) 776-8706,DBlake@outlook.com
cust0177,Karl Moore,11 Wayne Rd.,(535) 219-8331,KMoore@outlook.com
cust0178,Xander Frost,7685 Piper St.,(988) 479-5775,XFrost@outlook.com
cust0179,Aaron Kirby,556 Franklin Dr.,(291) 991-3613,AKirby@gmail.com
cust0180,Idris Andrade,8949 West Delaware Ave.,(872) 208-7807,IAndrade@mac.com
cust0181,Zed Hernandez,9865 Canal Street,(684) 837-4209,ZHernandez@mac.com
cust0182,Nate Frost,8907 Hartford St.,(684) 837-4209,NFrost@outlook.com
cust0183,Terry Pope,5 Smoky Hollow Ave.,(534) 985-2899,TPope@yahoo.com
cust0184,Harry Phelps,699 Arch St.,(535) 219-8331,HPhelps@aol.com
cust0185,Warren Blake,5 Smoky Hollow Ave.,(534) 985-2899,WBlake@mac.com
cust0186,Mike Gibson,274 George St.,(358) 865-0197,MGibson@mac.com
cust0187,Harry Cervantes,9865 Canal Street,(510) 398-8826,HCervantes@gmail.com
cust0188,Harry Carlson,54 Bay Street,(513) 465-2638,HCarlson@yahoo.com
cust0189,George Casey,8907 Hartford St.,(648) 252-6439,GCasey@aol.com
cust0190,Pete Phelps,930 Peninsula Street,(510) 398-8826,PPhelps@aol.com
cust0191,Victor Hudson,5 Smoky Hollow Ave.,(269) 776-8706,VHudson@aol.com
cust0192,Oscar Santiago,106 Sage Street,(269) 776-8706,OSantiago@aol.com
cust0193,Dave Mullins,930 Peninsula Street,(259) 918-3153,DMullins@mac.com
cust0194,Warren Mcmillan,8949 West Delaware Ave.,(988) 479-5775,WMcmillan@gmail.com
cust0195,Aaron Gibson,802 Wayne Street,(776) 306-1111,AGibson@aol.com
cust0196,Warren Carlson,7685 Piper St.,(680) 889-4277,WCarlson@aol.com
cust0197,Aaron Frost,32 Rocky River Dr.,(510) 398-8826,AFrost@outlook.com
cust0198,George Todd,8949 West Delaware Ave.,(461) 973-0480,GTodd@outlook.com
cust0199,Charley Pope,846 James Ave.,(680) 889-4277,CPope@yahoo.com
cust0200,Idris Hernandez,87 East Acacia St.,(662) 255-5500,IHernandez@gmail.com
cust0201,Yuri Hernandez,7798 West Bay Meadows Street,(878) 371-3922,YHernandez@mac.com
cust0202,Pete Gibson,556 Franklin Dr.,(680) 889-4277,PGibson@mac.com
cust0203,Steve Carlson,699 Arch St.,(648) 252-6439,SCarlson@yahoo.com
cust0204,Q Pace,11 Wayne Rd.,(648) 252-6439,QPace@gmail.com
cust0205,Steve Casey,58 Brewery Street,(610) 842-4284,SCasey@gmail.com
cust0206,Idris Phelps,11 Wayne Rd.,(699) 521-0897,IPhelps@outlook.com
cust0207,Oscar Andrade,7798 West Bay Meadows Street,(680) 889-4277,OAndrade@gmail.com
cust0208,Yuri Carlson,8907 Hartford St.,(534) 985-2899,YCarlson@gmail.com
cust0209,Mike Frost,58 Brewery Street,(872) 208-7807,MFrost@outlook.com
cust0210,Victor Todd,7262 Marlborough St.,(213) 759-0227,VTodd@mac.com
cust0211,Pete Casey,5 Smoky Hollow Ave.,(213) 759-0227,PCasey@outlook.com
cust0212,Xander Mcmillan,384 Carriage Street,(988) 479-5775,XMcmillan@yahoo.com
cust0213,Xander Gibson,8949 West Delaware Ave.,(648) 252-6439,XGibson@gmail.com
cust0214,Zed Cervantes,384 Carriage Street,(694) 547-4859,ZCervantes@outlook.com
cust0215,Idris Mullins,384 Carriage Street,(776) 306-1111,IMullins@mac.com
cust0216,Victor Santiago,384 Carriage Street,(269) 776-8706,VSantiago@yahoo.com
cust0217,Terry Todd,5 Smoky Hollow Ave.,(699) 521-0897,TTodd@mac.com
cust0218,Dave Santiago,106 Sage Street,(510) 398-8826,DSantiago@mac.com
cust0219,Ulysses Mcmillan,5 Smoky Hollow Ave.,(269) 776-8706,UMcmillan@gmail.com
cust0220,Yuri Moore,7685 Piper St.,(648) 252-6439,YMoore@outlook.com
cust0221,Oscar Hernandez,11 Wayne Rd.,(213) 759-0227,OHernandez@aol.com
cust0222,Zed Mullins,166 Lookout St.,(872) 208-7807,ZMullins@aol.com
cust0223,Zed Mullins,879 Woodsman Lane,(535) 219-8331,ZMullins@gmail.com
cust0224,Frank Pace,8907 Hartford St.,(988) 479-5775,FPace@outlook.com
cust0225,Harry Hernandez,699 Arch St.,(685) 645-7985,HHernandez@aol.com
cust0226,Ulysses Carlson,166 Lookout St.,(358) 865-0197,UCarlson@gmail.com
cust0227,Bill Phelps,7685 Piper St.,(872) 208-7807,BPhelps@gmail.com
cust0228,Xander Houston,556 Franklin Dr.,(776) 306-1111,XHouston@outlook.com
cust0229,Terry Pope,699 Arch St.,(358) 865-0197,TPope@gmail.com
cust0230,Mike Andrade,8761 North Dr.,(684) 837-4209,MAndrade@aol.com
cust0231,Oscar Cervantes,8907 Hartford St.,(470) 594-8260,OCervantes@aol.com
cust0232,Elijah Phelps,54 Bay Street,(878) 371-3922,EPhelps@gmail.com
cust0233,Frank Frost,5 Smoky Hollow Ave.,(213) 759-0227,FFrost@yahoo.com
cust0234,Pete Pace,879 Woodsman Lane,(484) 611-7271,PPace@yahoo.com
cust0235,Idris Andrade,32 Rocky River Dr.,(684) 837-4209,IAndrade@mac.com
cust0236,Oscar Cole,11 Wayne Rd.,(535) 219-8331,OCole@gmail.com
cust0237,Yuri Hudson,58 Brewery Street,(610) 842-4284,YHudson@outlook.com
cust0238,Q Houston,7798 West Bay Meadows Street,(470) 594-8260,QHouston@yahoo.com
cust0239,Red Carlson,106 Sage Street,(291) 991-3613,RCarlson@outlook.com
cust0240,Warren Frost,8761 North Dr.,(291) 991-3613,WFrost@aol.com
cust0241,Bill Houston,7262 Marlborough St.,(680) 889-4277,BHouston@gmail.com
cust0242,Elijah Andrade,384 Carriage Street,(699) 943-1537,EAndrade@aol.com
cust0243,Nate Pena,8761 North Dr.,(699) 943-1537,NPena@yahoo.com
cust0244,Idris Blake,3 Bank Dr.,(535) 219-8331,IBlake@gmail.com
cust0245,Ulysses Cervantes,87 East Acacia St.,(736) 777-4851,UCervantes@outlook.com
cust0246,Warren Moore,11 Wayne Rd.,(534) 985-2899,WMoore@mac.com
cust0247,Terry Hernandez,58 Brewery Street,(535) 219-8331,THernandez@gmail.com
cust0248,Charley Casey,7798 West Bay Meadows Street,(776) 306-1111,CCasey@aol.com
cust0249,Ulysses Mcmillan,8761 North Dr.,(776) 306-1111,UMcmillan@gmail.com
cust0250,Nate Pope,106 Sage Street,(269) 776-8706,NPope@mac.com
cust0251,Pete Cervantes,9865 Canal Street,(872) 208-7807,PCervantes@yahoo.com
cust0252,Pete Hoover,930 Peninsula Street,(470) 594-8260,PHoover@aol.com
cust0253,Karl Mcmillan,106 Sage Street,(680) 889-4277,KMcmillan@mac.com
cust0254,Elijah Moore,8761 North Dr.,(685) 645-7985,EMoore@mac.com
cust0255,Xander Pena,7798 West Bay Meadows Street,(259) 918-3153,XPena@yahoo.com
cust0256,Aaron Casey,9865 Canal Street,(610) 842-4284,ACasey@outlook.com
cust0257,Idris Pitts,11 Wayne Rd.,(534) 985-2899,IPitts@outlook.com
cust0258,Karl Pitts,7685 Piper St.,(988) 479-5775,KPitts@yahoo.com
cust0259,Warren Kirby,846 James Ave.,(534) 985-2899,WKirby@yahoo.com
cust0260,Karl Reese,87 East Acacia St.,(648) 252-6439,KReese@gmail.com
cust0261,Pete Pace,54 Bay Street,(534) 985-2899,PPace@gmail.com
cust0262,Q Mcmillan,8949 West Delaware Ave.,(988) 479-5775,QMcmillan@mac.com
cust0263,Red Pena,699 Arch St.,(358) 865-0197,RPena@aol.com
cust0264,Xander Cole,106 Sage Street,(694) 547-4859,XCole@yahoo.com
cust0265,Dave Mays,144 Fawn Dr.,(610) 842-4284,DMays@mac.com
cust0266,Ulysses Pope,556 Franklin Dr.,(269) 776-8706,UPope@gmail.com
cust0267,Ulysses Kirby,8761 North Dr.,(699) 521-0897,UKirby@mac.com
cust0268,Elijah Reese,846 James Ave.,(878) 371-3922,EReese@gmail.com
cust0269,Zed Reese,7262 Marlborough St.,(213) 759-0227,ZReese@outlook.com
cust0270,Jerry Mays,166 Lookout St.,(736) 777-4851,JMays@outlook.com
cust0271,Jerry Hoover,930 Peninsula Street,(484) 611-7271,JHoover@gmail.com
cust0272,Ulysses Pace,274 George St.,(213) 759-0227,UPace@outlook.com
cust0273,Zed Blake,8761 North Dr.,(358) 865-0197,ZBlake@gmail.com
cust0274,Xander Kirby,384 Carriage Street,(680) 889-4277,XKirby@yahoo.com
cust0275,Elijah Casey,5 Smoky Hollow Ave.,(484) 611-7271,ECasey@yahoo.com
cust0276,Dave Houston,699 Arch St.,(988) 479-5775,DHouston@aol.com
cust0277,Victor Hudson,106 Sage Street,(648) 252-6439,VHudson@outlook.com
cust0278,Zed Phelps,879 Woodsman Lane,(470) 594-8260,ZPhelps@mac.com
cust0279,Steve Blake,5 Smoky Hollow Ave.,(736) 777-4851,SBlake@gmail.com
cust0280,Xander Mullins,144 Fawn Dr.,(213) 759-0227,XMullins@outlook.com
cust0281,Lenny Pena,5 Smoky Hollow Ave.,(736) 777-4851,LPena@outlook.com
cust0282,Dave Frost,144 Fawn Dr.,(513) 465-2638,DFrost@mac.com
cust0283,Ulysses Mullins,699 Arch St.,(610) 842-4284,UMullins@outlook.com
cust0284,Steve Compton,54 Bay Street,(470) 594-8260,SCompton@aol.com
cust0285,Q Pace,58 Brewery Street,(694) 547-4859,QPace@yahoo.com
cust0286,Harry Hoover,11 Wayne Rd.,(535) 219-8331,HHoover@gmail.com
cust0287,Harry Pace,106 Sage Street,(685) 645-7985,HPace@aol.com
cust0288,Ulysses Pope,846 James Ave.,(685) 645-7985,UPope@mac.com
cust0289,Elijah Houston,846 James Ave.,(269) 776-8706,EHouston@gmail.com
cust0290,Charley Mullins,930 Peninsula Street,(269) 776-8706,CMullins@gmail.com
cust0291,Idris Houston,9865 Canal Street,(534) 985-2899,IHouston@gmail.com
cust0292,Idris Kirby,32 Rocky River Dr.,(699) 943-1537,IKirby@mac.com
cust0293,Jerry Hernandez,879 Woodsman Lane,(513) 465-2638,JHernandez@mac.com
cust0294,Elijah Kirby,11 Wayne Rd.,(461) 973-0480,EKirby@aol.com
cust0295,Steve Mcmillan,58 Brewery Street,(534) 985-2899,SMcmillan@gmail.com
cust0296,Terry Mays,846 James Ave.,(736) 777-4851,TMays@aol.com
cust0297,Mike Houston,930 Peninsula Street,(510) 398-8826,MHouston@gmail.com
cust0298,Dave Moore,699 Arch St.,(610) 842-4284,DMoore@mac.com
cust0299,Frank Frost,8907 Hartford St.,(736) 777-4851,FFrost@aol.com
cust0300,Dave Gibson,8907 Hartford St.,(213) 759-0227,DGibson@yahoo.com
cust0301,Q Andrade,556 Franklin Dr.,(776) 306-1111,QAndrade@yahoo.com
cust0302,Bill Pena,5 Smoky Hollow Ave.,(878) 371-3922,BPena@mac.com
cust0303,Idris Pace,40 Ramblewood St.,(291) 991-3613,IPace@aol.com
cust0304,Terry Moore,32 Rocky River Dr.,(470) 594-8260,TMoore@outlook.com
cust0305,Idris Blake,106 Sage Street,(736) 777-4851,IBlake@aol.com
cust0306,Victor Hoover,8907 Hartford St.,(484) 611-7271,VHoover@aol.com
cust0307,Karl Hudson,166 Lookout St.,(699) 943-1537,KHudson@outlook.com
cust0308,Red Pena,9865 Canal Street,(535) 219-8331,RPena@gmail.com
cust0309,Oscar Hoover,384 Carriage Street,(535) 219-8331,OHoover@yahoo.com
cust0310,Frank Mays,846 James Ave.,(358) 865-0197,FMays@outlook.com
cust0311,Dave Mays,144 Fawn Dr.,(872) 208-7807,DMays@mac.com
cust0312,Aaron Frost,8949 West Delaware Ave.,(535) 219-8331,AFrost@yahoo.com
cust0313,Warren Mays,3 Bank Dr.,(213) 759-0227,WMays@mac.com
cust0314,Harry Santiago,879 Woodsman Lane,(684) 837-4209,HSantiago@mac.com
cust0315,Dave Gibson,556 Franklin Dr.,(513) 465-2638,DGibson@aol.com
cust0316,Oscar Mcmillan,3 Bank Dr.,(461) 973-0480,OMcmillan@outlook.com
cust0317,George Carlson,106 Sage Street,(878) 371-3922,GCarlson@yahoo.com
cust0318,Lenny Pena,384 Carriage Street,(776) 306-1111,LPena@yahoo.com
cust0319,Lenny Pace,879 Woodsman Lane,(648) 252-6439,LPace@aol.com
cust0320,Karl Houston,11 Wayne Rd.,(513) 465-2638,KHouston@outlook.com
cust0321,Zed Carlson,5 Smoky Hollow Ave.,(534) 985-2899,ZCarlson@yahoo.com
cust0322,Pete Carlson,384 Carriage Street,(213) 759-0227,PCarlson@mac.com
cust0323,Bill Mcmillan,802 Wayne Street,(685) 645-7985,BMcmillan@gmail.com
cust0324,Karl Andrade,699 Arch St.,(269) 776-8706,KAndrade@aol.com
cust0325,Xander Andrade,40 Ramblewood St.,(291) 991-3613,XAndrade@yahoo.com
cust0326,Nate Pope,11 Wayne Rd.,(484) 611-7271,NPope@mac.com
cust0327,Terry Phelps,9865 Canal Street,(259) 918-3153,TPhelps@gmail.com
cust0328,Ulysses Pena,699 Arch St.,(685) 645-7985,UPena@gmail.com
cust0329,Nate Compton,384 Carriage Street,(680) 889-4277,NCompton@outlook.com
cust0330,Jerry Moore,9865 Canal Street,(648) 252-6439,JMoore@mac.com
cust0331,Pete Pitts,106 Sage Street,(662) 255-5500,PPitts@aol.com
cust0332,Warren Reese,879 Woodsman Lane,(699) 521-0897,WReese@aol.com
cust0333,Aaron Andrade,699 Arch St.,(648) 252-6439,AAndrade@aol.com
cust0334,Lenny Moore,166 Lookout St.,(736) 777-4851,LMoore@aol.com
cust0335,Zed Hernandez,54 Bay Street,(685) 645-7985,ZHernandez@aol.com
cust0336,Karl Hoover,58 Brewery Street,(534) 985-2899,KHoover@aol.com
cust0337,Steve Compton,274 George St.,(699) 943-1537,SCompton@yahoo.com
cust0338,Warren Houston,7798 West Bay Meadows Street,(513) 465-2638,WHouston@gmail.com
cust0339,Dave Frost,699 Arch St.,(470) 594-8260,DFrost@aol.com
cust0340,Mike Pope,166 Lookout St.,(872) 208-7807,MPope@outlook.com
cust0341,Yuri Carlson,8761 North Dr.,(878) 371-3922,YCarlson@aol.com
cust0342,Steve Compton,87 East Acacia St.,(684) 837-4209,SCompton@mac.com
cust0343,Xander Moore,144 Fawn Dr.,(680) 889-4277,XMoore@yahoo.com
cust0344,Victor Andrade,879 Woodsman Lane,(680) 889-4277,VAndrade@outlook.com
cust0345,Mike Todd,144 Fawn Dr.,(534) 985-2899,MTodd@yahoo.com
cust0346,Yuri Phelps,7262 Marlborough St.,(699) 943-1537,YPhelps@outlook.com
cust0347,Red Phelps,166 Lookout St.,(699) 943-1537,RPhelps@outlook.com
cust0348,Victor Hudson,699 Arch St.,(988) 479-5775,VHudson@mac.com
cust0349,Xander Pope,556 Franklin Dr.,(878) 371-3922,XPope@yahoo.com
cust0350,Yuri Hernandez,7685 Piper St.,(680) 889-4277,YHernandez@aol.com
cust0351,Nate Hernandez,8949 West Delaware Ave.,(680) 889-4277,NHernandez@gmail.com
cust0352,Aaron Kirby,8949 West Delaware Ave.,(291) 991-3613,AKirby@aol.com
cust0353,Oscar Mullins,879 Woodsman Lane,(269) 776-8706,OMullins@outlook.com
cust0354,Elijah Mays,87 East Acacia St.,(736) 777-4851,EMays@outlook.com
cust0355,Harry Pitts,802 Wayne Street,(534) 985-2899,HPitts@mac.com
cust0356,Karl Cervantes,9865 Canal Street,(484) 611-7271,KCervantes@mac.com
cust0357,Elijah Frost,930 Peninsula Street,(699) 521-0897,EFrost@outlook.com
cust0358,Nate Santiago,274 George St.,(513) 465-2638,NSantiago@yahoo.com
cust0359,Aaron Casey,5 Smoky Hollow Ave.,(776) 306-1111,ACasey@yahoo.com
cust0360,Dave Carlson,8907 Hartford St.,(470) 594-8260,DCarlson@aol.com
cust0361,Frank Casey,106 Sage Street,(699) 521-0897,FCasey@mac.com
cust0362,Nate Pope,9865 Canal Street,(213) 759-0227,NPope@yahoo.com
cust0363,Lenny Phelps,846 James Ave.,(648) 252-6439,LPhelps@gmail.com
cust0364,Q Reese,11 Wayne Rd.,(461) 973-0480,QReese@outlook.com
cust0365,Karl Mullins,274 George St.,(776) 306-1111,KMullins@yahoo.com
cust0366,Mike Hernandez,7262 Marlborough St.,(213) 759-0227,MHernandez@gmail.com
cust0367,Dave Kirby,5 Smoky Hollow Ave.,(470) 594-8260,DKirby@yahoo.com
cust0368,Aaron Compton,8761 North Dr.,(535) 219-8331,ACompton@gmail.com
cust0369,Yuri Phelps,8949 West Delaware Ave.,(776) 306-1111,YPhelps@mac.com
cust0370,Warren Hoover,8907 Hartford St.,(259) 918-3153,WHoover@mac.com
cust0371,Xander Pace,8761 North Dr.,(736) 777-4851,XPace@outlook.com
cust0372,Idris Casey,58 Brewery Street,(484) 611-7271,ICasey@gmail.com
cust0373,Lenny Hoover,32 Rocky River Dr.,(534) 985-2899,LHoover@outlook.com
cust0374,Lenny Andrade,54 Bay Street,(648) 252-6439,LAndrade@gmail.com
cust0375,Ulysses Cole,7685 Piper St.,(699) 943-1537,UCole@gmail.com
cust0376,Bill Cervantes,699 Arch St.,(513) 465-2638,BCervantes@mac.com
cust0377,Karl Frost,3 Bank Dr.,(684) 837-4209,KFrost@gmail.com
cust0378,Yuri Kirby,106 Sage Street,(534) 985-2899,YKirby@aol.com
cust0379,Red Frost,9865 Canal Street,(259) 918-3153,RFrost@mac.com
cust0380,Bill Houston,7798 West Bay Meadows Street,(510) 398-8826,BHouston@yahoo.com
cust0381,Victor Pope,802 Wayne Street,(776) 306-1111,VPope@gmail.com
cust0382,Elijah Phelps,166 Lookout St.,(470) 594-8260,EPhelps@outlook.com
cust0383,Mike Reese,384 Carriage Street,(988) 479-5775,MReese@aol.com
cust0384,Elijah Kirby,8949 West Delaware Ave.,(680) 889-4277,EKirby@mac.com
cust0385,Pete Pena,556 Franklin Dr.,(878) 371-3922,PPena@outlook.com
cust0386,Warren Carlson,8949 West Delaware Ave.,(470) 594-8260,WCarlson@outlook.com
cust0387,Oscar Blake,54 Bay Street,(872) 208-7807,OBlake@outlook.com
cust0388,Warren Frost,384 Carriage Street,(685) 645-7985,WFrost@outlook.com
cust0389,George Houston,930 Peninsula Street,(461) 973-0480,GHouston@aol.com
cust0390,Karl Hoover,8907 Hartford St.,(535) 219-8331,KHoover@mac.com
cust0391,Lenny Gibson,106 Sage Street,(484) 611-7271,LGibson@aol.com
cust0392,Lenny Blake,8949 West Delaware Ave.,(685) 645-7985,LBlake@mac.com
cust0393,Harry Reese,106 Sage Street,(699) 943-1537,HReese@gmail.com
cust0394,Aaron Blake,9865 Canal Street,(648) 252-6439,ABlake@aol.com
cust0395,Idris Pace,699 Arch St.,(461) 973-0480,IPace@gmail.com
cust0396,Frank Cole,699 Arch St.,(535) 219-8331,FCole@yahoo.com
cust0397,Jerry Pope,11 Wayne Rd.,(610) 842-4284,JPope@outlook.com
cust0398,Steve Cervantes,7685 Piper St.,(736) 777-4851,SCervantes@gmail.com
cust0399,Mike Andrade,106 Sage Street,(470) 594-8260,MAndrade@gmail.com
cust0400,Idris Todd,699 Arch St.,(358) 865-0197,ITodd@aol.com
cust0401,Zed Hoover,8949 West Delaware Ave.,(662) 255-5500,ZHoover@mac.com
cust0402,Charley Mcmillan,846 James Ave.,(259) 918-3153,CMcmillan@gmail.com
cust0403,Oscar Compton,144 Fawn Dr.,(680) 889-4277,OCompton@yahoo.com
cust0404,Q Pitts,58 Brewery Street,(699) 521-0897,QPitts@gmail.com
cust0405,Warren Casey,556 Franklin Dr.,(535) 219-8331,WCasey@yahoo.com
cust0406,Xander Mays,930 Peninsula Street,(269) 776-8706,XMays@mac.com
cust0407,Aaron Moore,7685 Piper St.,(648) 252-6439,AMoore@aol.com
cust0408,Bill Phelps,8907 Hartford St.,(872) 208-7807,BPhelps@gmail.com
cust0409,Bill Mcmillan,5 Smoky Hollow Ave.,(484) 611-7271,BMcmillan@outlook.com
cust0410,Q Phelps,846 James Ave.,(291) 991-3613,QPhelps@gmail.com
cust0411,Yuri Pena,9865 Canal Street,(461) 973-0480,YPena@outlook.com
cust0412,Karl Pope,5 Smoky Hollow Ave.,(259) 918-3153,KPope@outlook.com
cust0413,Karl Mullins,384 Carriage Street,(685) 645-7985,KMullins@mac.com
cust0414,Charley Houston,106 Sage Street,(684) 837-4209,CHouston@yahoo.com
cust0415,Warren Blake,40 Ramblewood St.,(694) 547-4859,WBlake@outlook.com
cust0416,Ulysses Mullins,9865 Canal Street,(694) 547-4859,UMullins@yahoo.com
cust0417,Dave Hoover,384 Carriage Street,(534) 985-2899,DHoover@gmail.com
cust0418,Elijah Reese,802 Wayne Street,(484) 611-7271,EReese@mac.com
cust0419,Mike Pitts,8907 Hartford St.,(535) 219-8331,MPitts@yahoo.com
cust0420,Ulysses Pope,7262 Marlborough St.,(872) 208-7807,UPope@yahoo.com
cust0421,Warren Mays,144 Fawn Dr.,(513) 465-2638,WMays@gmail.com
cust0422,Karl Mullins,9865 Canal Street,(535) 219-8331,KMullins@outlook.com
cust0423,Frank Gibson,87 East Acacia St.,(662) 255-5500,FGibson@yahoo.com
cust0424,Terry Pitts,8907 Hartford St.,(680) 889-4277,TPitts@outlook.com
cust0425,Lenny Cervantes,58 Brewery Street,(694) 547-4859,LCervantes@gmail.com
cust0426,Q Kirby,5 Smoky Hollow Ave.,(694) 547-4859,QKirby@yahoo.com
cust0427,Oscar Andrade,7262 Marlborough St.,(534) 985-2899,OAndrade@outlook.com
cust0428,Steve Mays,846 James Ave.,(610) 842-4284,SMays@mac.com
cust0429,Karl Todd,9865 Canal Street,(291) 991-3613,KTodd@mac.com
cust0430,Jerry Pena,58 Brewery Street,(694) 547-4859,JPena@aol.com
cust0431,Karl Carlson,802 Wayne Street,(736) 777-4851,KCarlson@gmail.com
cust0432,Frank Cervantes,9865 Canal Street,(872) 208-7807,FCervantes@mac.com
cust0433,Harry Gibson,8907 Hartford St.,(213) 759-0227,HGibson@mac.com
cust0434,George Hoover,54 Bay Street,(878) 371-3922,GHoover@outlook.com
cust0435,Dave Blake,846 James Ave.,(461) 973-0480,DBlake@gmail.com
cust0436,Karl Casey,54 Bay Street,(680) 889-4277,KCasey@mac.com
cust0437,Q Compton,699 Arch St.,(699) 943-1537,QCompton@mac.com
cust0438,Warren Houston,8907 Hartford St.,(648) 252-6439,WHouston@outlook.com
cust0439,Idris Santiago,87 East Acacia St.,(694) 547-4859,ISantiago@aol.com
cust0440,Elijah Mays,556 Franklin Dr.,(291) 991-3613,EMays@outlook.com
cust0441,Red Blake,166 Lookout St.,(291) 991-3613,RBlake@gmail.com
cust0442,Red Mays,106 Sage Street,(213) 759-0227,RMays@outlook.com
cust0443,Harry Carlson,8949 West Delaware Ave.,(736) 777-4851,HCarlson@outlook.com
cust0444,Bill Mays,58 Brewery Street,(484) 611-7271,BMays@gmail.com
cust0445,Steve Frost,3 Bank Dr.,(699) 521-0897,SFrost@outlook.com
cust0446,Xander Cole,8949 West Delaware Ave.,(610) 842-4284,XCole@gmail.com
cust0447,George Mullins,40 Ramblewood St.,(699) 521-0897,GMullins@gmail.com
cust0448,Warren Pace,802 Wayne Street,(699) 943-1537,WPace@gmail.com
cust0449,Victor Carlson,166 Lookout St.,(988) 479-5775,VCarlson@aol.com
cust0450,Karl Pace,8949 West Delaware Ave.,(878) 371-3922,KPace@yahoo.com
cust0451,Nate Blake,7798 West Bay Meadows Street,(736) 777-4851,NBlake@mac.com
cust0452,Karl Houston,274 George St.,(694) 547-4859,KHouston@aol.com
cust0453,George Compton,58 Brewery Street,(685) 645-7985,GCompton@outlook.com
cust0454,Lenny Hudson,87 East Acacia St.,(513) 465-2638,LHudson@gmail.com
cust0455,Lenny Andrade,3 Bank Dr.,(213) 759-0227,LAndrade@aol.com
cust0456,Steve Pena,58 Brewery Street,(776) 306-1111,SPena@gmail.com
cust0457,Elijah Mays,11 Wayne Rd.,(513) 465-2638,EMays@aol.com
cust0458,Zed Todd,699 Arch St.,(535) 219-8331,ZTodd@gmail.com
cust0459,Frank Blake,87 East Acacia St.,(534) 985-2899,FBlake@aol.com
cust0460,Nate Hernandez,699 Arch St.,(510) 398-8826,NHernandez@gmail.com
cust0461,Q Phelps,106 Sage Street,(872) 208-7807,QPhelps@gmail.com
cust0462,Lenny Cervantes,106 Sage Street,(269) 776-8706,LCervantes@aol.com
cust0463,Ulysses Carlson,879 Woodsman Lane,(535) 219-8331,UCarlson@gmail.com
cust0464,Xander Andrade,7798 West Bay Meadows Street,(878) 371-3922,XAndrade@gmail.com
cust0465,Mike Todd,11 Wayne Rd.,(736) 777-4851,MTodd@outlook.com
cust0466,Charley Santiago,8761 North Dr.,(988) 479-5775,CSantiago@yahoo.com
cust0467,Lenny Pitts,40 Ramblewood St.,(513) 465-2638,LPitts@gmail.com
cust0468,Oscar Kirby,802 Wayne Street,(776) 306-1111,OKirby@yahoo.com
cust0469,Frank Moore,802 Wayne Street,(461) 973-0480,FMoore@mac.com
cust0470,Harry Moore,930 Peninsula Street,(510) 398-8826,HMoore@mac.com
cust0471,Elijah Todd,8949 West Delaware Ave.,(535) 219-8331,ETodd@yahoo.com
cust0472,Zed Mullins,144 Fawn Dr.,(213) 759-0227,ZMullins@yahoo.com
cust0473,Yuri Frost,846 James Ave.,(878) 371-3922,YFrost@mac.com
cust0474,Aaron Kirby,144 Fawn Dr.,(484) 611-7271,AKirby@outlook.com
cust0475,Jerry Hernandez,846 James Ave.,(358) 865-0197,JHernandez@outlook.com
cust0476,Xander Mcmillan,8761 North Dr.,(699) 943-1537,XMcmillan@aol.com
cust0477,Bill Phelps,40 Ramblewood St.,(878) 371-3922,BPhelps@aol.com
cust0478,Lenny Andrade,7798 West Bay Meadows Street,(694) 547-4859,LAndrade@outlook.com
cust0479,Idris Houston,58 Brewery Street,(680) 889-4277,IHouston@gmail.com
cust0480,Charley Cervantes,8949 West Delaware Ave.,(685) 645-7985,CCervantes@gmail.com
cust0481,Q Pena,106 Sage Street,(461) 973-0480,QPena@aol.com
cust0482,Frank Mcmillan,384 Carriage Street,(699) 943-1537,FMcmillan@yahoo.com
cust0483,Mike Pena,40 Ramblewood St.,(269) 776-8706,MPena@gmail.com
cust0484,Zed Hernandez,54 Bay Street,(680) 889-4277,ZHernandez@aol.com
cust0485,Red Mcmillan,40 Ramblewood St.,(470) 594-8260,RMcmillan@aol.com
cust0486,Bill Casey,40 Ramblewood St.,(461) 973-0480,BCasey@aol.com
cust0487,Harry Mcmillan,166 Lookout St.,(213) 759-0227,HMcmillan@gmail.com
cust0488,Oscar Kirby,699 Arch St.,(699) 521-0897,OKirby@mac.com
cust0489,Karl Pace,7798 West Bay Meadows Street,(259) 918-3153,KPace@gmail.com
cust0490,Pete Hoover,3 Bank Dr.,(680) 889-4277,PHoover@yahoo.com
cust0491,George Pope,7798 West Bay Meadows Street,(736) 777-4851,GPope@gmail.com
cust0492,Zed Reese,7262 Marlborough St.,(988) 479-5775,ZReese@yahoo.com
cust0493,Warren Hernandez,5 Smoky Hollow Ave.,(534) 985-2899,WHernandez@yahoo.com
cust0494,Xander Cervantes,87 East Acacia St.,(259) 918-3153,XCervantes@gmail.com
cust0495,Bill Blake,7685 Piper St.,(535) 219-8331,BBlake@yahoo.com
cust0496,Lenny Cervantes,144 Fawn Dr.,(513) 465-2638,LCervantes@aol.com
cust0497,Red Andrade,7798 West Bay Meadows Street,(269) 776-8706,RAndrade@aol.com
cust0498,Xander Todd,7798 West Bay Meadows Street,(699) 943-1537,XTodd@mac.com
cust0499,Lenny Houston,802 Wayne Street,(699) 521-0897,LHouston@outlook.com
