cust0000,Charley Hoover,7685 Piper St.,(513) 465-2638,CHoover@outlook.com
cust0001,Xander Casey,3 Bank Dr.,(535) 219-8331,XCasey@outlook.com
cust0002,Karl Casey,54 Bay Street,(510) 398-8826,KCasey@aol.com
cust0003,Steve Phelps,7798 West Bay Meadows Street,(470) 594-8260,SPhelps@mac.com
cust0004,Harry Hernandez,166 Lookout St.,(213) 759-0227,HHernandez@mac.com
cust0005,Victor Cervantes,9865 Canal Street,(461) 973-0480,VCervantes@gmail.com
cust0006,Xander Reese,8907 Hartford St.,(259) 918-3153,XReese@yahoo.com
cust0007,Ulysses Cole,11 Wayne Rd.,(213) 759-0227,UCole@gmail.com
cust0008,Dave Reese,87 East Acacia St.,(872) 208-7807,DReese@outlook.com
cust0009,Bill Pena,40 Ramblewood St.,(684) 837-4209,BPena@outlook.com
cust0010,Idris Houston,3 Bank Dr.,(291) 991-3613,IHouston@outlook.com
cust0011,Mike Hernandez,879 Woodsman Lane,(269) 776-8706,MHernandez@aol.com
cust0012,Aaron Cole,9865 Canal Street,(269) 776-8706,ACole@yahoo.com
cust0013,Zed Compton,274 George St.,(535) 219-8331,ZCompton@mac.com
cust0014,Steve Pope,166 Lookout St.,(988) 479-5775,SPope@yahoo.com
cust0015,Elijah Kirby,87 East Acacia St.,(461) 973-0480,EKirby@outlook.com
cust0016,Lenny Casey,106 Sage Street,(610) 842-4284,LCasey@aol.com
cust0017,Oscar Cervantes,879 Woodsman Lane,(461) 973-0480,OCervantes@gmail.com
cust0018,Steve Andrade,8761 North Dr.,(259) 918-3153,SAndrade@aol.com
cust0019,Terry Andrade,274 George St.,(259) 918-3153,TAndrade@yahoo.com
cust0020,Frank Pope,58 Brewery Street,(736) 777-4851,FPope@outlook.com
cust0021,Oscar Santiago,144 Fawn Dr.,(648) 252-6439,OSantiago@gmail.com
cust0022,Karl Mays,9865 Canal Street,(699) 943-1537,KMays@gmail.com
cust0023,Victor Reese,274 George St.,(648) 252-6439,VReese@mac.com
cust0024,Warren Kirby,54 Bay Street,(470) 594-8260,WKirby@outlook.com
cust0025,Frank Cole,384 Carriage Street,(878) 371-3922,FCole@mac.com
cust0026,Mike Casey,879 Woodsman Lane,(699) 521-0897,MCasey@mac.com
cust0027,Mike Mays,3 Bank Dr.,(694) 547-4859,MMays@aol.com
cust0028,Terry Pace,384 Carriage Street,(259) 918-3153,TPace@mac.com
cust0029,Elijah Andrade,144 Fawn Dr.,(461) 973-0480,EAndrade@aol.com
cust0030,Mike Santiago,40 Ramblewood St.,(684) 837-4209,MSantiago@outlook.com
cust0031,Yuri Hernandez,144 Fawn Dr.,(461) 973-0480,YHernandez@outlook.com
cust0032,Victor Hernandez,3 Bank Dr.,(484) 611-7271,VHernandez@outlook.com
cust0033,Elijah Houston,11 Wayne Rd.,(648) 252-6439,EHouston@gmail.com
cust0034,Dave Phelps,87 East Acacia St.,(358) 865-0197,DPhelps@mac.com
cust0035,Frank Phelps,5 Smoky Hollow Ave.,(648) 252-6439,FPhelps@aol.com
cust0036,Bill Phelps,879 Woodsman Lane,(610) 842-4284,BPhelps@aol.com
cust0037,Harry Pena,7798 West Bay Meadows Street,(680) 889-4277,HPena@gmail.com
cust0038,Steve Carlson,8949 West Delaware Ave.,(685) 645-7985,SCarlson@outlook.com
cust0039,Xander Casey,58 Brewery Street,(988) 479-5775,XCasey@outlook.com
cust0040,Pete Reese,8949 West Delaware Ave.,(736) 777-4851,PReese@mac.com
cust0041,Lenny Pena,106 Sage Street,(484) 611-7271,LPena@mac.com
cust0042,Idris Compton,9865 Canal Street,(680) 889-4277,ICompton@yahoo.com
cust0043,Q Mullins,7798 West Bay Meadows Street,(680) 889-4277,QMullins@outlook.com
cust0044,Oscar Pitts,930 Peninsula Street,(680) 889-4277,OPitts@yahoo.com
cust0045,Frank Frost,556 Franklin Dr.,(535) 219-8331,FFrost@yahoo.com
cust0046,Pete Reese,8907 Hartford St.,(872) 208-7807,PReese@outlook.com
cust0047,Mike Casey,7262 Marlborough St.,(648) 252-6439,MCasey@aol.com
cust0048,Idris Houston,879 Woodsman Lane,(684) 837-4209,IHouston@aol.com
cust0049,Elijah Santiago,40 Ramblewood St.,(685) 645-7985,ESantiago@aol.com
cust0050,Oscar Pena,802 Wayne Street,(736) 777-4851,OPena@outlook.com
cust0051,Jerry Hoover,166 Lookout St.,(610) 842-4284,JHoover@gmail.com
cust0052,Mike Andrade,846 James Ave.,(662) 255-5500,MAndrade@outlook.com
cust0053,Red Houston,384 Carriage Street,(470) 594-8260,RHouston@outlook.com
cust0054,Pete Andrade,879 Woodsman Lane,(269) 776-8706,PAndrade@gmail.com
cust0055,Aaron Blake,8949 West Delaware Ave.,(484) 611-7271,ABlake@yahoo.com
cust0056,Harry Pena,32 Rocky River Dr.,(662) 255-5500,HPena@yahoo.com
cust0057,Yuri Cervantes,8761 North Dr.,(776) 306-1111,YCervantes@gmail.com
cust0058,Pete Casey,7798 West Bay Meadows Street,(358) 865-0197,PCasey@gmail.com
cust0059,Bill Phelps,5 Smoky Hollow Ave.,(358) 865-0197,BPhelps@outlook.com
cust0060,Nate Mullins,54 Bay Street,(872) 208-7807,NMullins@gmail.com
cust0061,Yuri Santiago,802 Wayne Street,(878) 371-3922,YSantiago@yahoo.com
cust0062,Lenny Compton,802 Wayne Street,(213) 759-0227,LCompton@gmail.com
cust0063,Lenny Frost,166 Lookout St.,(685) 645-7985,LFrost@gmail.com
cust0064,Pete Hoover,32 Rocky River Dr.,(680) 889-4277,PHoover@mac.com
cust0065,Zed Reese,5 Smoky Hollow Ave.,(269) 776-8706,ZReese@outlook.com
cust0066,Q Pace,8949 West Delaware Ave.,(358) 865-0197,QPace@outlook.com
cust0067,Q Gibson,40 Ramblewood St.,(269) 776-8706,QGibson@gmail.com
cust0068,Oscar Moore,106 Sage Street,(535) 219-8331,OMoore@yahoo.com
cust0069,Aaron Todd,11 Wayne Rd.,(510) 398-8826,ATodd@aol.com
cust0070,Steve Hernandez,556 Franklin Dr.,(358) 865-0197,SHernandez@yahoo.com
cust0071,Charley Cole,3 Bank Dr.,(872) 208-7807,CCole@yahoo.com
cust0072,Dave Compton,8949 West Delaware Ave.,(484) 611-7271,DCompton@aol.com
cust0073,Terry Frost,8907 Hartford St.,(510) 398-8826,TFrost@aol.com
cust0074,Idris Gibson,54 Bay Street,(213) 759-0227,IGibson@gmail.com
cust0075,Zed Hudson,144 Fawn Dr.,(513) 465-2638,ZHudson@yahoo.com
cust0076,Mike Pena,556 Franklin Dr.,(259) 918-3153,MPena@outlook.com
cust0077,Elijah Moore,846 James Ave.,(513) 465-2638,EMoore@outlook.com
cust0078,Pete Hernandez,58 Brewery Street,(662) 255-5500,PHernandez@outlook.com
cust0079,Red Reese,144 Fawn Dr.,(470) 594-8260,RReese@yahoo.com
cust0080,Yuri Mullins,11 Wayne Rd.,(694) 547-4859,YMullins@mac.com
cust0081,Red Kirby,3 Bank Dr.,(878) 371-3922,RKirby@mac.com
cust0082,Warren Carlson,274 George St.,(484) 611-7271,WCarlson@mac.com
cust0083,Charley Carlson,8949 West Delaware Ave.,(684) 837-4209,CCarlson@mac.com
cust0084,Pete Moore,384 Carriage Street,(461) 973-0480,PMoore@aol.com
cust0085,Terry Gibson,7685 Piper St.,(648) 252-6439,TGibson@mac.com
cust0086,Harry Phelps,384 Carriage Street,(510) 398-8826,HPhelps@outlook.com
cust0087,Warren Frost,32 Rocky River Dr.,(685) 645-7985,WFrost@gmail.com
cust0088,Steve Compton,144 Fawn Dr.,(699) 943-1537,SCompton@gmail.com
cust0089,Red Mullins,87 East Acacia St.,(610) 842-4284,RMullins@gmail.com
cust0090,Zed Pace,7798 West Bay Meadows Street,(269) 776-8706,ZPace@gmail.com
cust0091,Bill Compton,166 Lookout St.,(736) 777-4851,BCompton@yahoo.com
cust0092,Q Moore,9865 Canal Street,(610) 842-4284,QMoore@yahoo.com
cust0093,Terry Cole,7262 Marlborough St.,(535) 219-8331,TCole@gmail.com
cust0094,Jerry Pace,802 Wayne Street,(699) 943-1537,JPace@outlook.com
cust0095,Yuri Santiago,40 Ramblewood St.,(685) 645-7985,YSantiago@outlook.com
cust0096,Yuri Hudson,8761 North Dr.,(776) 306-1111,YHudson@yahoo.com
cust0097,Jerry Frost,879 Woodsman Lane,(878) 371-3922,JFrost@outlook.com
cust0098,Frank Phelps,846 James Ave.,(291) 991-3613,FPhelps@gmail.com
cust0099,Yuri Gibson,879 Woodsman Lane,(684) 837-4209,YGibson@aol.com
cust0100,Pete Frost,106 Sage Street,(685) 645-7985,PFrost@aol.com
cust0101,Karl Houston,5 Smoky Hollow Ave.,(694) 547-4859,KHouston@yahoo.com
cust0102,Warren Blake,7685 Piper St.,(461) 973-0480,WBlake@aol.com
cust0103,Oscar Casey,58 Brewery Street,(510) 398-8826,OCasey@mac.com
cust0104,Terry Mays,556 Franklin Dr.,(259) 918-3153,TMays@mac.com
cust0105,Nate Pitts,879 Woodsman Lane,(213) 759-0227,NPitts@aol.com
cust0106,Idris Andrade,144 Fawn Dr.,(291) 991-3613,IAndrade@yahoo.com
cust0107,Harry Cole,384 Carriage Street,(610) 842-4284,HCole@mac.com
cust0108,Elijah Mcmillan,846 James Ave.,(648) 252-6439,EMcmillan@yahoo.com
cust0109,Yuri Hernandez,846 James Ave.,(878) 371-3922,YHernandez@mac.com
cust0110,Karl Cervantes,9865 Canal Street,(694) 547-4859,KCervantes@outlook.com
cust0111,Harry Gibson,40 Ramblewood St.,(513) 465-2638,HGibson@aol.com
cust0112,Idris Blake,144 Fawn Dr.,(358) 865-0197,IBlake@yahoo.com
cust0113,Terry Pitts,384 Carriage Street,(776) 306-1111,TPitts@aol.com
cust0114,Warren Houston,3 Bank Dr.,(694) 547-4859,WHouston@mac.com
cust0115,Lenny Pitts,879 Woodsman Lane,(259) 918-3153,LPitts@yahoo.com
cust0116,Elijah Casey,802 Wayne Street,(461) 973-0480,ECasey@aol.com
cust0117,Ulysses Houston,930 Peninsula Street,(358) 865-0197,UHouston@mac.com
cust0118,Nate Pena,7685 Piper St.,(535) 219-8331,NPena@yahoo.com
cust0119,Red Phelps,40 Ramblewood St.,(872) 208-7807,RPhelps@aol.com
cust0120,Mike Hoover,384 Carriage Street,(878) 371-3922,MHoover@yahoo.com
cust0121,Ulysses Blake,9865 Canal Street,(685) 645-7985,UBlake@mac.com
cust0122,Steve Cervantes,846 James Ave.,(213) 759-0227,SCervantes@outlook.com
cust0123,Warren Pitts,7262 Marlborough St.,(534) 985-2899,WPitts@outlook.com
cust0124,Bill Gibson,8761 North Dr.,(872) 208-7807,BGibson@outlook.com
cust0125,Xander Houston,274 George St.,(988) 479-5775,XHouston@mac.com
cust0126,Zed Mullins,144 Fawn Dr.,(680) 889-4277,ZMullins@outlook.com
cust0127,Oscar Mullins,58 Brewery Street,(662) 255-5500,OMullins@outlook.com
cust0128,Dave Mullins,106 Sage Street,(694) 547-4859,DMullins@mac.com
cust0129,Nate Pitts,556 Franklin Dr.,(878) 371-3922,NPitts@mac.com
cust0130,Warren Cervantes,7685 Piper St.,(470) 594-8260,WCervantes@outlook.com
cust0131,Warren Pena,274 George St.,(470) 594-8260,WPena@gmail.com
cust0132,Warren Carlson,106 Sage Street,(470) 594-8260,WCarlson@outlook.com
cust0133,Ulysses Hudson,32 Rocky River Dr.,(259) 918-3153,UHudson@yahoo.com
cust0134,Frank Todd,274 George St.,(878) 371-3922,FTodd@aol.com
cust0135,Steve Blake,556 Franklin Dr.,(699) 521-0897,SBlake@gmail.com
cust0136,Dave Mullins,3 Bank Dr.,(535) 219-8331,DMullins@yahoo.com
cust0137,Harry Mcmillan,8761 North Dr.,(484) 611-7271,HMcmillan@outlook.com
cust0138,George Compton,274 George St.,(648) 252-6439,GCompton@yahoo.com
cust0139,Idris Pitts,384 Carriage Street,(259) 918-3153,IPitts@outlook.com
cust0140,Ulysses Mays,7685 Piper St.,(534) 985-2899,UMays@gmail.com
cust0141,Xander Hoover,274 George St.,(872) 208-7807,XHoover@gmail.com
cust0142,Q Gibson,556 Franklin Dr.,(535) 219-8331,QGibson@gmail.com
cust0143,Karl Mays,58 Brewery Street,(610) 842-4284,KMays@outlook.com
cust0144,Karl Cole,5 Smoky Hollow Ave.,(610) 842-4284,KCole@mac.com
cust0145,Pete Hoover,40 Ramblewood St.,(510) 398-8826,PHoover@outlook.com
cust0146,Lenny Mullins,274 George St.,(878) 371-3922,LMullins@outlook.com
cust0147,Xander Pace,7798 West Bay Meadows Street,(988) 479-5775,XPace@outlook.com
cust0148,Elijah Todd,54 Bay Street,(610) 842-4284,ETodd@yahoo.com
cust0149,Nate Gibson,274 George St.,(699) 521-0897,NGibson@outlook.com
cust0150,Q Pitts,930 Peninsula Street,(259) 918-3153,QPitts@aol.com
cust0151,Frank Pena,8907 Hartford St.,(988) 479-5775,FPena@aol.com
cust0152,Xander Phelps,5 Smoky Hollow Ave.,(534) 985-2899,XPhelps@aol.com
cust0153,Zed Moore,879 Woodsman Lane,(648) 252-6439,ZMoore@outlook.com
cust0154,Aaron Mcmillan,879 Woodsman Lane,(213) 759-0227,AMcmillan@aol.com
cust0155,Ulysses Santiago,930 Peninsula Street,(213) 759-0227,USantiago@aol.com
cust0156,Steve Gibson,54 Bay Street,(213) 759-0227,SGibson@outlook.com
cust0157,Jerry Gibson,144 Fawn Dr.,(699) 521-0897,JGibson@gmail.com
cust0158,Pete Hudson,106 Sage Street,(878) 371-3922,PHudson@yahoo.com
cust0159,Xander Compton,9865 Canal Street,(662) 255-5500,XCompton@outlook.com
cust0160,Karl Mullins,8949 West Delaware Ave.,(461) 973-0480,KMullins@yahoo.com
cust0161,Zed Kirby,7685 Piper St.,(988) 479-5775,ZKirby@mac.com
cust0162,Mike Todd,5 Smoky Hollow Ave.,(358) 865-0197,MTodd@yahoo.com
cust0163,Oscar Houston,8949 West Delaware Ave.,(358) 865-0197,OHouston@outlook.com
cust0164,Q Houston,802 Wayne Street,(484) 611-7271,QHouston@yahoo.com
cust0165,Lenny Mays,32 Rocky River Dr.,(699) 521-0897,LMays@mac.com
cust0166,Mike Pace,384 Carriage Street,(470) 594-8260,MPace@outlook.com
cust0167,Frank Moore,7262 Marlborough St.,(269) 776-8706,FMoore@gmail.com
cust0168,Q Todd,54 Bay Street,(680) 889-4277,QTodd@outlook.com
cust0169,Idris Pope,32 Rocky River Dr.,(484) 611-7271,IPope@yahoo.com
cust0170,George Phelps,846 James Ave.,(648) 252-6439,GPhelps@yahoo.com
cust0171,Mike Houston,106 Sage Street,(776) 306-1111,MHouston@gmail.com
cust0172,Nate Hudson,9865 Canal Street,(269) 776-8706,NHudson@aol.com
cust0173,Red Houston,556 Franklin Dr.,(461) 973-0480,RHouston@outlook.com
cust0174,Warren Casey,144 Fawn Dr.,(461) 973-0480,WCasey@outlook.com
cust0175,Aaron Frost,87 East Acacia St.,(510) 398-8826,AFrost@gmail.com
cust0176,Karl Todd,166 Lookout St.,(699) 943-1537,KTodd@aol.com
cust0177,Nate Santiago,32 Rocky River Dr.,(685) 645-7985,NSantiago@gmail.com
cust0178,Karl Cervantes,556 Franklin Dr.,(535) 219-8331,KCervantes@yahoo.com
cust0179,Harry Compton,556 Franklin Dr.,(648) 252-6439,HCompton@yahoo.com
cust0180,Frank Mays,8949 West Delaware Ave.,(291) 991-3613,FMays@mac.com
cust0181,Yuri Pope,7262 Marlborough St.,(736) 777-4851,YPope@outlook.com
cust0182,Terry Santiago,384 Carriage Street,(878) 371-3922,TSantiago@mac.com
cust0183,Xander Gibson,879 Woodsman Lane,(699) 521-0897,XGibson@aol.com
cust0184,Idris Hernandez,7685 Piper St.,(213) 759-0227,IHernandez@gmail.com
cust0185,Ulysses Mullins,144 Fawn Dr.,(461) 973-0480,UMullins@gmail.com
cust0186,Xander Mullins,54 Bay Street,(610) 842-4284,XMullins@aol.com
cust0187,Jerry Hudson,54 Bay Street,(685) 645-7985,JHudson@gmail.com
cust0188,Aaron Blake,58 Brewery Street,(680) 889-4277,ABlake@gmail.com
cust0189,Victor Hudson,9865 Canal Street,(358) 865-0197,VHudson@aol.com
cust0190,Warren Blake,846 James Ave.,(776) 306-1111,WBlake@outlook.com
cust0191,Idris Pitts,40 Ramblewood St.,(535) 219-8331,IPitts@mac.com
cust0192,Yuri Phelps,58 Brewery Street,(269) 776-8706,YPhelps@mac.com
cust0193,Bill Reese,144 Fawn Dr.,(699) 521-0897,BReese@aol.com
cust0194,George Hoover,166 Lookout St.,(699) 943-1537,GHoover@aol.com
cust0195,Mike Mullins,8907 Hartford St.,(470) 594-8260,MMullins@yahoo.com
cust0196,Warren Pope,556 Franklin Dr.,(684) 837-4209,WPope@mac.com
cust0197,Idris Moore,144 Fawn Dr.,(610) 842-4284,IMoore@aol.com
cust0198,Lenny Hoover,274 George St.,(213) 759-0227,LHoover@gmail.com
cust0199,Oscar Phelps,144 Fawn Dr.,(291) 991-3613,OPhelps@yahoo.com
cust0200,Charley Mullins,8907 Hartford St.,(736) 777-4851,CMullins@gmail.com
cust0201,Zed Todd,5 Smoky Hollow Ave.,(513) 465-2638,ZTodd@gmail.com
cust0202,Victor Reese,5 Smoky Hollow Ave.,(684) 837-4209,VReese@aol.com
cust0203,Elijah Blake,8761 North Dr.,(213) 759-0227,EBlake@aol.com
cust0204,Xander Andrade,7262 Marlborough St.,(534) 985-2899,XAndrade@yahoo.com
cust0205,Idris Mcmillan,8907 Hartford St.,(662) 255-5500,IMcmillan@mac.com
cust0206,Dave Moore,144 Fawn Dr.,(662) 255-5500,DMoore@outlook.com
cust0207,George Casey,7798 West Bay Meadows Street,(358) 865-0197,GCasey@mac.com
cust0208,Dave Carlson,5 Smoky Hollow Ave.,(534) 985-2899,DCarlson@gmail.com
cust0209,Bill Blake,54 Bay Street,(685) 645-7985,BBlake@aol.com
cust0210,Xander Pope,3 Bank Dr.,(213) 759-0227,XPope@mac.com
cust0211,Elijah Pope,3 Bank Dr.,(610) 842-4284,EPope@yahoo.com
cust0212,Dave Cervantes,9865 Canal Street,(878) 371-3922,DCervantes@mac.com
cust0213,Red Cervantes,3 Bank Dr.,(872) 208-7807,RCervantes@mac.com
cust0214,Red Phelps,879 Woodsman Lane,(699) 943-1537,RPhelps@yahoo.com
cust0215,George Pitts,87 East Acacia St.,(534) 985-2899,GPitts@yahoo.com
cust0216,Lenny Todd,32 Rocky River Dr.,(872) 208-7807,LTodd@aol.com
cust0217,Warren Hernandez,8907 Hartford St.,(259) 918-3153,WHernandez@yahoo.com
cust0218,Frank Carlson,7798 West Bay Meadows Street,(259) 918-3153,FCarlson@yahoo.com
cust0219,Terry Cervantes,930 Peninsula Street,(213) 759-0227,TCervantes@gmail.com
cust0220,Ulysses Pace,54 Bay Street,(535) 219-8331,UPace@gmail.com
cust0221,Nate Pitts,846 James Ave.,(213) 759-0227,NPitts@mac.com
cust0222,Harry Hernandez,9865 Canal Street,(662) 255-5500,HHernandez@gmail.com
cust0223,Q Blake,144 Fawn Dr.,(510) 398-8826,QBlake@mac.com
cust0224,Oscar Hudson,166 Lookout St.,(535) 219-8331,OHudson@mac.com
cust0225,George Pitts,166 Lookout St.,(736) 777-4851,GPitts@aol.com
cust0226,Dave Moore,40 Ramblewood St.,(776) 306-1111,DMoore@outlook.com
cust0227,Q Pace,930 Peninsula Street,(259) 918-3153,QPace@gmail.com
cust0228,Frank Pitts,274 George St.,(213) 759-0227,FPitts@gmail.com
cust0229,Nate Compton,556 Franklin Dr.,(358) 865-0197,NCompton@aol.com
cust0230,Red Hernandez,8907 Hartford St.,(269) 776-8706,RHernandez@gmail.com
cust0231,Harry Hoover,7262 Marlborough St.,(662) 255-5500,HHoover@yahoo.com
cust0232,Oscar Carlson,32 Rocky River Dr.,(269) 776-8706,OCarlson@aol.com
cust0233,Nate Houston,7798 West Bay Meadows Street,(988) 479-5775,NHouston@mac.com
cust0234,Harry Pena,8907 Hartford St.,(736) 777-4851,HPena@yahoo.com
cust0235,Karl Pace,40 Ramblewood St.,(610) 842-4284,KPace@mac.com
cust0236,Bill Carlson,54 Bay Street,(291) 991-3613,BCarlson@mac.com
cust0237,Nate Mullins,40 Ramblewood St.,(684) 837-4209,NMullins@aol.com
cust0238,Lenny Pitts,58 Brewery Street,(510) 398-8826,LPitts@mac.com
cust0239,Karl Cole,556 Franklin Dr.,(291) 991-3613,KCole@gmail.com
cust0240,Harry Hoover,556 Franklin Dr.,(461) 973-0480,HHoover@gmail.com
cust0241,Charley Hudson,40 Ramblewood St.,(484) 611-7271,CHudson@mac.com
cust0242,George Mays,11 Wayne Rd.,(461) 973-0480,GMays@yahoo.com
cust0243,Karl Mays,7262 Marlborough St.,(510) 398-8826,KMays@yahoo.com
cust0244,Mike Reese,32 Rocky River Dr.,(694) 547-4859,MReese@aol.com
cust0245,Elijah Carlson,11 Wayne Rd.,(878) 371-3922,ECarlson@aol.com
cust0246,Yuri Pace,556 Franklin Dr.,(513) 465-2638,YPace@aol.com
cust0247,Charley Moore,879 Woodsman Lane,(470) 594-8260,CMoore@yahoo.com
cust0248,Xander Cervantes,930 Peninsula Street,(878) 371-3922,XCervantes@outlook.com
cust0249,George Pace,32 Rocky River Dr.,(470) 594-8260,GPace@gmail.com
cust0250,Elijah Mays,11 Wayne Rd.,(776) 306-1111,EMays@gmail.com
cust0251,Ulysses Cervantes,166 Lookout St.,(684) 837-4209,UCervantes@mac.com
cust0252,Aaron Hudson,384 Carriage Street,(878) 371-3922,AHudson@yahoo.com
cust0253,Aaron Pope,40 Ramblewood St.,(610) 842-4284,APope@aol.com
cust0254,Bill Blake,54 Bay Street,(684) 837-4209,BBlake@gmail.com
cust0255,Karl Mays,3 Bank Dr.,(988) 479-5775,KMays@mac.com
cust0256,Red Pitts,3 Bank Dr.,(484) 611-7271,RPitts@yahoo.com
cust0257,Terry Cole,556 Franklin Dr.,(878) 371-3922,TCole@outlook.com
cust0258,Terry Moore,8907 Hartford St.,(694) 547-4859,TMoore@aol.com
cust0259,Mike Pace,274 George St.,(699) 521-0897,MPace@gmail.com
cust0260,Steve Andrade,58 Brewery Street,(269) 776-8706,SAndrade@outlook.com
cust0261,Jerry Cervantes,556 Franklin Dr.,(513) 465-2638,JCervantes@yahoo.com
cust0262,Frank Moore,32 Rocky River Dr.,(776) 306-1111,FMoore@outlook.com
cust0263,Steve Mays,8761 North Dr.,(510) 398-8826,SMays@gmail.com
cust0264,Oscar Mullins,58 Brewery Street,(534) 985-2899,OMullins@yahoo.com
cust0265,Nate Reese,87 East Acacia St.,(534) 985-2899,NReese@yahoo.com
cust0266,Red Pace,8949 West Delaware Ave.,(535) 219-8331,RPace@yahoo.com
cust0267,Victor Phelps,7685 Piper St.,(269) 776-8706,VPhelps@outlook.com
cust0268,Steve Compton,9865 Canal Street,(694) 547-4859,SCompton@yahoo.com
cust0269,Ulysses Cole,7685 Piper St.,(510) 398-8826,UCole@gmail.com
cust0270,Pete Gibson,8907 Hartford St.,(680) 889-4277,PGibson@yahoo.com
cust0271,Steve Todd,384 Carriage Street,(662) 255-5500,STodd@yahoo.com
cust0272,Mike Carlson,8907 Hartford St.,(662) 255-5500,MCarlson@gmail.com
cust0273,Jerry Cole,274 George St.,(269) 776-8706,JCole@yahoo.com
cust0274,George Mays,8761 North Dr.,(470) 594-8260,GMays@aol.com
cust0275,Zed Houston,87 East Acacia St.,(878) 371-3922,ZHouston@outlook.com
cust0276,Aaron Hoover,40 Ramblewood St.,(510) 398-8826,AHoover@mac.com
cust0277,Zed Mays,699 Arch St.,(684) 837-4209,ZMays@aol.com
cust0278,Yuri Kirby,32 Rocky River Dr.,(510) 398-8826,YKirby@gmail.com
cust0279,Terry Pope,556 Franklin Dr.,(213) 759-0227,TPope@gmail.com
cust0280,Q Hudson,5 Smoky Hollow Ave.,(872) 208-7807,QHudson@yahoo.com
cust0281,George Blake,556 Franklin Dr.,(648) 252-6439,GBlake@mac.com
cust0282,Mike Phelps,7685 Piper St.,(513) 465-2638,MPhelps@mac.com
cust0283,Jerry Hudson,930 Peninsula Street,(535) 219-8331,JHudson@yahoo.com
cust0284,Nate Phelps,87 East Acacia St.,(685) 645-7985,NPhelps@aol.com
cust0285,Steve Mays,144 Fawn Dr.,(291) 991-3613,SMays@yahoo.com
cust0286,Jerry Hoover,8949 West Delaware Ave.,(685) 645-7985,JHoover@yahoo.com
cust0287,Oscar Compton,144 Fawn Dr.,(684) 837-4209,OCompton@yahoo.com
cust0288,Terry Pace,144 Fawn Dr.,(684) 837-4209,TPace@yahoo.com
cust0289,Warren Kirby,274 George St.,(699) 943-1537,WKirby@gmail.com
cust0290,Zed Compton,930 Peninsula Street,(470) 594-8260,ZCompton@mac.com
cust0291,Bill Moore,930 Peninsula Street,(694) 547-4859,BMoore@aol.com
cust0292,Elijah Todd,7685 Piper St.,(535) 219-8331,ETodd@yahoo.com
cust0293,Idris Kirby,7685 Piper St.,(269) 776-8706,IKirby@yahoo.com
cust0294,Zed Pena,8761 North Dr.,(535) 219-8331,ZPena@aol.com
cust0295,Pete Hudson,54 Bay Street,(461) 973-0480,PHudson@outlook.com
cust0296,Elijah Mullins,556 Franklin Dr.,(648) 252-6439,EMullins@aol.com
cust0297,Warren Todd,11 Wayne Rd.,(988) 479-5775,WTodd@outlook.com
cust0298,George Hernandez,8907 Hartford St.,(680) 889-4277,GHernandez@aol.com
cust0299,Warren Mcmillan,8761 North Dr.,(461) 973-0480,WMcmillan@yahoo.com
cust0300,Oscar Andrade,144 Fawn Dr.,(358) 865-0197,OAndrade@yahoo.com
cust0301,Harry Phelps,54 Bay Street,(484) 611-7271,HPhelps@mac.com
cust0302,Idris Moore,166 Lookout St.,(534) 985-2899,IMoore@aol.com
cust0303,Frank Mcmillan,32 Rocky River Dr.,(484) 611-7271,FMcmillan@gmail.com
cust0304,Red Kirby,11 Wayne Rd.,(269) 776-8706,RKirby@mac.com
cust0305,Oscar Todd,54 Bay Street,(680) 889-4277,OTodd@yahoo.com
cust0306,Q Todd,3 Bank Dr.,(358) 865-0197,QTodd@gmail.com
cust0307,Aaron Mays,8949 West Delaware Ave.,(685) 645-7985,AMays@aol.com
cust0308,Mike Mays,7798 West Bay Meadows Street,(699) 943-1537,MMays@mac.com
cust0309,Bill Hudson,384 Carriage Street,(461) 973-0480,BHudson@outlook.com
cust0310,Elijah Carlson,54 Bay Street,(878) 371-3922,ECarlson@yahoo.com
cust0311,Harry Pena,274 George St.,(291) 991-3613,HPena@outlook.com
cust0312,Yuri Mcmillan,274 George St.,(684) 837-4209,YMcmillan@aol.com
cust0313,Zed Mullins,87 East Acacia St.,(872) 208-7807,ZMullins@mac.com
cust0314,Frank Cole,556 Franklin Dr.,(648) 252-6439,FCole@aol.com
cust0315,Lenny Frost,106 Sage Street,(988) 479-5775,LFrost@yahoo.com
cust0316,Xander Mays,144 Fawn Dr.,(662) 255-5500,XMays@aol.com
cust0317,Red Mullins,166 Lookout St.,(872) 208-7807,RMullins@yahoo.com
cust0318,Warren Cervantes,7262 Marlborough St.,(872) 208-7807,WCervantes@outlook.com
cust0319,Q Pena,58 Brewery Street,(213) 759-0227,QPena@outlook.com
cust0320,Warren Blake,11 Wayne Rd.,(213) 759-0227,WBlake@yahoo.com
cust0321,Zed Casey,8907 Hartford St.,(736) 777-4851,ZCasey@gmail.com
cust0322,Frank Hoover,3 Bank Dr.,(358) 865-0197,FHoover@outlook.com
cust0323,Warren Andrade,3 Bank Dr.,(988) 479-5775,WAndrade@aol.com
cust0324,Zed Reese,930 Peninsula Street,(510) 398-8826,ZReese@mac.com
cust0325,Q Frost,384 Carriage Street,(610) 842-4284,QFrost@yahoo.com
cust0326,Ulysses Cervantes,3 Bank Dr.,(680) 889-4277,UCervantes@gmail.com
cust0327,Dave Hernandez,7685 Piper St.,(513) 465-2638,DHernandez@yahoo.com
cust0328,Nate Mays,7798 West Bay Meadows Street,(269) 776-8706,NMays@yahoo.com
cust0329,Karl Frost,3 Bank Dr.,(699) 943-1537,KFrost@aol.com
cust0330,Oscar Santiago,58 Brewery Street,(699) 521-0897,OSantiago@yahoo.com
cust0331,Terry Mays,3 Bank Dr.,(680) 889-4277,TMays@yahoo.com
cust0332,Q Pace,9865 Canal Street,(694) 547-4859,QPace@gmail.com
cust0333,Elijah Reese,274 George St.,(988) 479-5775,EReese@mac.com
cust0334,Zed Cervantes,11 Wayne Rd.,(259) 918-3153,ZCervantes@yahoo.com
cust0335,Elijah Phelps,8907 Hartford St.,(461) 973-0480,EPhelps@mac.com
cust0336,Charley Cervantes,7685 Piper St.,(736) 777-4851,CCervantes@aol.com
cust0337,Bill Andrade,556 Franklin Dr.,(213) 759-0227,BAndrade@mac.com
cust0338,Frank Phelps,556 Franklin Dr.,(513) 465-2638,FPhelps@gmail.com
cust0339,Dave Frost,3 Bank Dr.,(610) 842-4284,DFrost@mac.com
cust0340,Idris Hudson,879 Woodsman Lane,(662) 255-5500,IHudson@yahoo.com
cust0341,Yuri Pace,3 Bank Dr.,(470) 594-8260,YPace@outlook.com
cust0342,Frank Kirby,274 George St.,(662) 255-5500,FKirby@gmail.com
cust0343,Nate Compton,274 George St.,(259) 918-3153,NCompton@outlook.com
cust0344,Zed Cervantes,5 Smoky Hollow Ave.,(535) 219-8331,ZCervantes@yahoo.com
cust0345,Elijah Mullins,5 Smoky Hollow Ave.,(685) 645-7985,EMullins@outlook.com
cust0346,Q Pitts,930 Peninsula Street,(269) 776-8706,QPitts@outlook.com
cust0347,Ulysses Pena,930 Peninsula Street,(291) 991-3613,UPena@yahoo.com
cust0348,Dave Frost,7685 Piper St.,(988) 479-5775,DFrost@yahoo.com
cust0349,Terry Pope,879 Woodsman Lane,(878) 371-3922,TPope@aol.com
cust0350,Harry Pace,7685 Piper St.,(610) 842-4284,HPace@aol.com
cust0351,Q Hoover,106 Sage Street,(699) 521-0897,QHoover@aol.com
cust0352,Steve Kirby,699 Arch St.,(470) 594-8260,SKirby@aol.com
cust0353,Aaron Compton,7262 Marlborough St.,(685) 645-7985,ACompton@mac.com
cust0354,Charley Todd,930 Peninsula Street,(680) 889-4277,CTodd@gmail.com
cust0355,Dave Santiago,930 Peninsula Street,(988) 479-5775,DSantiago@yahoo.com
cust0356,Oscar Mays,144 Fawn Dr.,(461) 973-0480,OMays@outlook.com
cust0357,Zed Cole,556 Franklin Dr.,(534) 985-2899,ZCole@mac.com
cust0358,Oscar Casey,8907 Hartford St.,(470) 594-8260,OCasey@yahoo.com
cust0359,Zed Frost,11 Wayne Rd.,(535) 219-8331,ZFrost@gmail.com
cust0360,Bill Compton,40 Ramblewood St.,(259) 918-3153,BCompton@outlook.com
cust0361,Charley Compton,166 Lookout St.,(699) 521-0897,CCompton@yahoo.com
cust0362,Jerry Hoover,556 Franklin Dr.,(513) 465-2638,JHoover@outlook.com
cust0363,Victor Hernandez,274 George St.,(269) 776-8706,VHernandez@yahoo.com
cust0364,Nate Blake,7685 Piper St.,(736) 777-4851,NBlake@mac.com
cust0365,Bill Compton,7685 Piper St.,(291) 991-3613,BCompton@mac.com
cust0366,Charley Mullins,106 Sage Street,(878) 371-3922,CMullins@yahoo.com
cust0367,Harry Casey,54 Bay Street,(535) 219-8331,HCasey@gmail.com
cust0368,Jerry Mullins,802 Wayne Street,(291) 991-3613,JMullins@aol.com
cust0369,Lenny Mcmillan,7262 Marlborough St.,(269) 776-8706,LMcmillan@yahoo.com
cust0370,Steve Pitts,9865 Canal Street,(872) 208-7807,SPitts@outlook.com
cust0371,Ulysses Casey,3 Bank Dr.,(988) 479-5775,UCasey@gmail.com
cust0372,George Carlson,3 Bank Dr.,(534) 985-2899,GCarlson@mac.com
cust0373,Frank Phelps,7685 Piper St.,(513) 465-2638,FPhelps@outlook.com
cust0374,George Blake,699 Arch St.,(680) 889-4277,GBlake@outlook.com
cust0375,Terry Cole,802 Wayne Street,(535) 219-8331,TCole@outlook.com
cust0376,Charley Blake,54 Bay Street,(534) 985-2899,CBlake@yahoo.com
cust0377,Red Houston,274 George St.,(736) 777-4851,RHouston@mac.com
cust0378,George Moore,7262 Marlborough St.,(213) 759-0227,GMoore@yahoo.com
cust0379,Q Mcmillan,7262 Marlborough St.,(685) 645-7985,QMcmillan@gmail.com
cust0380,Warren Pitts,87 East Acacia St.,(610) 842-4284,WPitts@gmail.com
cust0381,Q Gibson,879 Woodsman Lane,(484) 611-7271,QGibson@aol.com
cust0382,George Houston,9865 Canal Street,(610) 842-4284,GHouston@outlook.com
cust0383,Aaron Casey,8907 Hartford St.,(269) 776-8706,ACasey@gmail.com
cust0384,Jerry Andrade,556 Franklin Dr.,(213) 759-0227,JAndrade@outlook.com
cust0385,Nate Mcmillan,8907 Hartford St.,(510) 398-8826,NMcmillan@yahoo.com
cust0386,Victor Pope,3 Bank Dr.,(699) 943-1537,VPope@aol.com
cust0387,Lenny Pena,54 Bay Street,(510) 398-8826,LPena@aol.com
cust0388,Aaron Pitts,699 Arch St.,(662) 255-5500,APitts@mac.com
cust0389,Xander Compton,54 Bay Street,(213) 759-0227,XCompton@outlook.com
cust0390,Terry Phelps,802 Wayne Street,(484) 611-7271,TPhelps@mac.com
cust0391,Victor Andrade,40 Ramblewood St.,(684) 837-4209,VAndrade@mac.com
cust0392,Oscar Hudson,3 Bank Dr.,(684) 837-4209,OHudson@mac.com
cust0393,Nate Frost,8761 North Dr.,(684) 837-4209,NFrost@gmail.com
cust0394,Xander Cole,3 Bank Dr.,(259) 918-3153,XCole@mac.com
cust0395,Victor Compton,930 Peninsula Street,(535) 219-8331,VCompton@gmail.com
cust0396,Oscar Pena,8949 West Delaware Ave.,(259) 918-3153,OPena@gmail.com
cust0397,Karl Hernandez,3 Bank Dr.,(513) 465-2638,KHernandez@mac.com
cust0398,Charley Pitts,384 Carriage Street,(535) 219-8331,CPitts@outlook.com
cust0399,George Kirby,3 Bank Dr.,(699) 521-0897,GKirby@gmail.com
cust0400,Zed Santiago,54 Bay Street,(685) 645-7985,ZSantiago@gmail.com
cust0401,George Hoover,3 Bank Dr.,(291) 991-3613,GHoover@mac.com
cust0402,Ulysses Casey,556 Franklin Dr.,(259) 918-3153,UCasey@aol.com
cust0403,Victor Reese,930 Peninsula Street,(699) 521-0897,VReese@mac.com
cust0404,Frank Hudson,11 Wayne Rd.,(699) 943-1537,FHudson@outlook.com
cust0405,Harry Casey,846 James Ave.,(694) 547-4859,HCasey@outlook.com
cust0406,Jerry Pena,54 Bay Street,(988) 479-5775,JPena@yahoo.com
cust0407,Oscar Frost,5 Smoky Hollow Ave.,(685) 645-7985,OFrost@mac.com
cust0408,Aaron Gibson,11 Wayne Rd.,(470) 594-8260,AGibson@aol.com
cust0409,Frank Hernandez,699 Arch St.,(684) 837-4209,FHernandez@gmail.com
cust0410,Victor Pope,54 Bay Street,(259) 918-3153,VPope@mac.com
cust0411,Oscar Pope,930 Peninsula Street,(269) 776-8706,OPope@gmail.com
cust0412,Zed Gibson,384 Carriage Street,(291) 991-3613,ZGibson@yahoo.com
cust0413,Frank Pope,802 Wayne Street,(878) 371-3922,FPope@gmail.com
cust0414,Elijah Hoover,144 Fawn Dr.,(680) 889-4277,EHoover@gmail.com
cust0415,Warren Hernandez,699 Arch St.,(662) 255-5500,WHernandez@mac.com
cust0416,Bill Santiago,802 Wayne Street,(213) 759-0227,BSantiago@yahoo.com
cust0417,Oscar Cole,106 Sage Street,(610) 842-4284,OCole@yahoo.com
cust0418,Charley Pena,9865 Canal Street,(461) 973-0480,CPena@gmail.com
cust0419,Idris Todd,32 Rocky River Dr.,(878) 371-3922,ITodd@yahoo.com
cust0420,Warren Compton,384 Carriage Street,(269) 776-8706,WCompton@aol.com
cust0421,Karl Todd,166 Lookout St.,(513) 465-2638,KTodd@outlook.com
cust0422,Jerry Cole,3 Bank Dr.,(872) 208-7807,JCole@mac.com
cust0423,Red Gibson,7262 Marlborough St.,(610) 842-4284,RGibson@aol.com
cust0424,Jerry Cervantes,9865 Canal Street,(461) 973-0480,JCervantes@gmail.com
cust0425,Karl Andrade,40 Ramblewood St.,(648) 252-6439,KAndrade@yahoo.com
cust0426,Dave Carlson,802 Wayne Street,(680) 889-4277,DCarlson@aol.com
cust0427,Frank Moore,144 Fawn Dr.,(484) 611-7271,FMoore@mac.com
cust0428,Nate Pace,144 Fawn Dr.,(776) 306-1111,NPace@mac.com
cust0429,Nate Pace,87 East Acacia St.,(470) 594-8260,NPace@outlook.com
cust0430,Terry Blake,106 Sage Street,(534) 985-2899,TBlake@gmail.com
cust0431,George Pena,556 Franklin Dr.,(680) 889-4277,GPena@gmail.com
cust0432,Ulysses Hudson,166 Lookout St.,(484) 611-7271,UHudson@outlook.com
cust0433,Mike Hudson,930 Peninsula Street,(878) 371-3922,MHudson@outlook.com
cust0434,Oscar Pitts,54 Bay Street,(269) 776-8706,OPitts@gmail.com
cust0435,Xander Pope,7685 Piper St.,(610) 842-4284,XPope@mac.com
cust0436,Karl Pitts,11 Wayne Rd.,(662) 255-5500,KPitts@mac.com
cust0437,Victor Cervantes,54 Bay Street,(535) 219-8331,VCervantes@outlook.com
cust0438,Warren Andrade,556 Franklin Dr.,(461) 973-0480,WAndrade@yahoo.com
cust0439,Warren Mullins,11 Wayne Rd.,(259) 918-3153,WMullins@aol.com
cust0440,Idris Houston,32 Rocky River Dr.,(685) 645-7985,IHouston@outlook.com
cust0441,Oscar Santiago,556 Franklin Dr.,(484) 611-7271,OSantiago@aol.com
cust0442,Ulysses Hernandez,846 James Ave.,(513) 465-2638,UHernandez@outlook.com
cust0443,Red Hudson,9865 Canal Street,(470) 594-8260,RHudson@outlook.com
cust0444,Yuri Mcmillan,144 Fawn Dr.,(510) 398-8826,YMcmillan@yahoo.com
cust0445,Elijah Compton,7262 Marlborough St.,(259) 918-3153,ECompton@gmail.com
cust0446,Idris Hernandez,8761 North Dr.,(513) 465-2638,IHernandez@mac.com
cust0447,Yuri Hernandez,9865 Canal Street,(680) 889-4277,YHernandez@mac.com
cust0448,Frank Cervantes,802 Wayne Street,(535) 219-8331,FCervantes@yahoo.com
cust0449,Q Hudson,32 Rocky River Dr.,(699) 943-1537,QHudson@yahoo.com
cust0450,Q Mays,879 Woodsman Lane,(610) 842-4284,QMays@yahoo.com
cust0451,Mike Mcmillan,9865 Canal Street,(213) 759-0227,MMcmillan@outlook.com
cust0452,George Phelps,106 Sage Street,(736) 777-4851,GPhelps@mac.com
cust0453,Jerry Compton,144 Fawn Dr.,(259) 918-3153,JCompton@yahoo.com
cust0454,Aaron Compton,879 Woodsman Lane,(699) 943-1537,ACompton@yahoo.com
cust0455,Harry Casey,106 Sage Street,(680) 889-4277,HCasey@gmail.com
cust0456,Harry Mays,274 George St.,(470) 594-8260,HMays@yahoo.com
cust0457,Lenny Cole,166 Lookout St.,(259) 918-3153,LCole@mac.com
cust0458,Lenny Cervantes,699 Arch St.,(685) 645-7985,LCervantes@outlook.com
cust0459,Dave Cole,32 Rocky River Dr.,(470) 594-8260,DCole@gmail.com
cust0460,Idris Phelps,384 Carriage Street,(680) 889-4277,IPhelps@mac.com
cust0461,Lenny Cervantes,7262 Marlborough St.,(776) 306-1111,LCervantes@gmail.com
cust0462,Warren Cole,802 Wayne Street,(213) 759-0227,WCole@gmail.com
cust0463,Nate Compton,9865 Canal Street,(694) 547-4859,NCompton@yahoo.com
cust0464,Terry Mcmillan,802 Wayne Street,(662) 255-5500,TMcmillan@aol.com
cust0465,Frank Cervantes,58 Brewery Street,(648) 252-6439,FCervantes@gmail.com
cust0466,Oscar Pitts,3 Bank Dr.,(291) 991-3613,OPitts@gmail.com
cust0467,Karl Mays,556 Franklin Dr.,(291) 991-3613,KMays@yahoo.com
cust0468,Pete Houston,32 Rocky River Dr.,(988) 479-5775,PHouston@aol.com
cust0469,Mike Mays,7262 Marlborough St.,(484) 611-7271,MMays@gmail.com
cust0470,Aaron Mullins,166 Lookout St.,(685) 645-7985,AMullins@yahoo.com
cust0471,Frank Frost,144 Fawn Dr.,(269) 776-8706,FFrost@mac.com
cust0472,Aaron Pena,930 Peninsula Street,(291) 991-3613,APena@aol.com
cust0473,Warren Pena,879 Woodsman Lane,(534) 985-2899,WPena@mac.com
cust0474,Xander Mays,7685 Piper St.,(699) 521-0897,XMays@gmail.com
cust0475,Frank Carlson,802 Wayne Street,(694) 547-4859,FCarlson@yahoo.com
cust0476,Frank Moore,274 George St.,(872) 208-7807,FMoore@yahoo.com
cust0477,Bill Blake,7262 Marlborough St.,(484) 611-7271,BBlake@mac.com
cust0478,Steve Carlson,87 East Acacia St.,(470) 594-8260,SCarlson@aol.com
cust0479,Yuri Frost,11 Wayne Rd.,(534) 985-2899,YFrost@yahoo.com
cust0480,Nate Blake,166 Lookout St.,(534) 985-2899,NBlake@mac.com
cust0481,Q Phelps,7262 Marlborough St.,(610) 842-4284,QPhelps@gmail.com
cust0482,Steve Hudson,106 Sage Street,(662) 255-5500,SHudson@mac.com
cust0483,Terry Moore,11 Wayne Rd.,(662) 255-5500,TMoore@yahoo.com
cust0484,Jerry Pace,8907 Hartford St.,(684) 837-4209,JPace@mac.com
cust0485,Jerry Casey,8907 Hartford St.,(213) 759-0227,JCasey@outlook.com
cust0486,Charley Houston,930 Peninsula Street,(291) 991-3613,CHouston@mac.com
cust0487,Karl Cole,802 Wayne Street,(699) 521-0897,KCole@yahoo.com
cust0488,Zed Gibson,106 Sage Street,(610) 842-4284,ZGibson@aol.com
cust0489,Xander Kirby,384 Carriage Street,(259) 918-3153,XKirby@mac.com
cust0490,Idris Moore,166 Lookout St.,(680) 889-4277,IMoore@yahoo.com
cust0491,Pete Todd,58 Brewery Street,(680) 889-4277,PTodd@mac.com
cust0492,Xander Todd,8949 West Delaware Ave.,(699) 943-1537,XTodd@gmail.com
cust0493,Lenny Pope,9865 Canal Street,(736) 777-4851,LPope@aol.com
cust0494,Idris Gibson,930 Peninsula Street,(470) 594-8260,IGibson@outlook.com
cust0495,Lenny Andrade,8907 Hartford St.,(872) 208-7807,LAndrade@gmail.com
cust0496,Dave Santiago,3 Bank Dr.,(213) 759-0227,DSantiago@mac.com
cust0497,Victor Andrade,32 Rocky River Dr.,(259) 918-3153,VAndrade@yahoo.com
cust0498,Xander Pitts,699 Arch St.,(269) 776-8706,XPitts@outlook.com
cust0499,Ulysses Hudson,106 Sage Street,(461) 973-0480,UHudson@yahoo.com
cust0500,Steve Todd,87 East Acacia St.,(694) 547-4859,STodd@aol.com
cust0501,Bill Pitts,166 Lookout St.,(648) 252-6439,BPitts@yahoo.com
cust0502,Bill Hudson,11 Wayne Rd.,(484) 611-7271,BHudson@mac.com
cust0503,Harry Santiago,8761 North Dr.,(694) 547-4859,HSantiago@aol.com
cust0504,Terry Hudson,8761 North Dr.,(291) 991-3613,THudson@aol.com
cust0505,Lenny Phelps,8949 West Delaware Ave.,(510) 398-8826,LPhelps@aol.com
cust0506,Nate Mays,699 Arch St.,(680) 889-4277,NMays@yahoo.com
cust0507,Steve Pena,879 Woodsman Lane,(699) 943-1537,SPena@yahoo.com
cust0508,Charley Casey,11 Wayne Rd.,(513) 465-2638,CCasey@mac.com
cust0509,Xander Santiago,11 Wayne Rd.,(694) 547-4859,XSantiago@aol.com
cust0510,Charley Hoover,8949 West Delaware Ave.,(680) 889-4277,CHoover@gmail.com
cust0511,Aaron Mcmillan,166 Lookout St.,(699) 943-1537,AMcmillan@gmail.com
cust0512,Karl Todd,3 Bank Dr.,(534) 985-2899,KTodd@yahoo.com
cust0513,Aaron Pitts,556 Franklin Dr.,(694) 547-4859,APitts@aol.com
cust0514,Lenny Pitts,8907 Hartford St.,(484) 611-7271,LPitts@outlook.com
cust0515,Victor Gibson,54 Bay Street,(988) 479-5775,VGibson@outlook.com
cust0516,Charley Blake,3 Bank Dr.,(685) 645-7985,CBlake@mac.com
cust0517,Frank Hoover,802 Wayne Street,(513) 465-2638,FHoover@mac.com
cust0518,Lenny Pace,699 Arch St.,(684) 837-4209,LPace@aol.com
cust0519,Aaron Gibson,7262 Marlborough St.,(213) 759-0227,AGibson@aol.com
cust0520,Oscar Cervantes,9865 Canal Street,(694) 547-4859,OCervantes@gmail.com
cust0521,Elijah Frost,32 Rocky River Dr.,(610) 842-4284,EFrost@yahoo.com
cust0522,Yuri Compton,274 George St.,(988) 479-5775,YCompton@gmail.com
cust0523,Karl Cole,7262 Marlborough St.,(680) 889-4277,KCole@mac.com
cust0524,Xander Hudson,32 Rocky River Dr.,(648) 252-6439,XHudson@yahoo.com
cust0525,Harry Hernandez,8907 Hartford St.,(535) 219-8331,HHernandez@yahoo.com
cust0526,Pete Pace,166 Lookout St.,(684) 837-4209,PPace@outlook.com
cust0527,Bill Andrade,930 Peninsula Street,(259) 918-3153,BAndrade@aol.com
cust0528,Harry Santiago,87 East Acacia St.,(461) 973-0480,HSantiago@aol.com
cust0529,Aaron Gibson,556 Franklin Dr.,(878) 371-3922,AGibson@mac.com
cust0530,Oscar Hoover,879 Woodsman Lane,(878) 371-3922,OHoover@mac.com
cust0531,Frank Reese,8907 Hartford St.,(699) 521-0897,FReese@yahoo.com
cust0532,Mike Mays,8907 Hartford St.,(470) 594-8260,MMays@yahoo.com
cust0533,Mike Pope,166 Lookout St.,(358) 865-0197,MPope@mac.com
cust0534,Zed Phelps,54 Bay Street,(736) 777-4851,ZPhelps@outlook.com
cust0535,Warren Compton,144 Fawn Dr.,(662) 255-5500,WCompton@yahoo.com
cust0536,Charley Reese,556 Franklin Dr.,(510) 398-8826,CReese@mac.com
cust0537,Bill Todd,7798 West Bay Meadows Street,(461) 973-0480,BTodd@yahoo.com
cust0538,Terry Carlson,846 James Ave.,(513) 465-2638,TCarlson@outlook.com
cust0539,Yuri Casey,32 Rocky River Dr.,(699) 943-1537,YCasey@aol.com
cust0540,Dave Frost,40 Ramblewood St.,(694) 547-4859,DFrost@gmail.com
cust0541,Q Casey,3 Bank Dr.,(776) 306-1111,QCasey@mac.com
cust0542,Dave Mullins,32 Rocky River Dr.,(358) 865-0197,DMullins@outlook.com
cust0543,Zed Carlson,9865 Canal Street,(648) 252-6439,ZCarlson@yahoo.com
cust0544,Harry Pace,7798 West Bay Meadows Street,(534) 985-2899,HPace@mac.com
cust0545,Karl Cole,8949 West Delaware Ave.,(685) 645-7985,KCole@aol.com
cust0546,Terry Phelps,8907 Hartford St.,(776) 306-1111,TPhelps@gmail.com
cust0547,Harry Santiago,930 Peninsula Street,(878) 371-3922,HSantiago@outlook.com
cust0548,Red Mays,7798 West Bay Meadows Street,(461) 973-0480,RMays@yahoo.com
cust0549,George Blake,274 George St.,(291) 991-3613,GBlake@mac.com
cust0550,Oscar Reese,7262 Marlborough St.,(535) 219-8331,OReese@aol.com
cust0551,Oscar Mays,879 Woodsman Lane,(358) 865-0197,OMays@yahoo.com
cust0552,Zed Carlson,384 Carriage Street,(776) 306-1111,ZCarlson@mac.com
cust0553,Ulysses Pena,7798 West Bay Meadows Street,(291) 991-3613,UPena@gmail.com
cust0554,Yuri Blake,144 Fawn Dr.,(510) 398-8826,YBlake@yahoo.com
cust0555,Zed Hernandez,8949 West Delaware Ave.,(684) 837-4209,ZHernandez@outlook.com
cust0556,Bill Cole,7262 Marlborough St.,(610) 842-4284,BCole@mac.com
cust0557,George Mcmillan,32 Rocky River Dr.,(213) 759-0227,GMcmillan@yahoo.com
cust0558,Frank Pitts,7685 Piper St.,(872) 208-7807,FPitts@yahoo.com
cust0559,Nate Pope,699 Arch St.,(213) 759-0227,NPope@aol.com
cust0560,Bill Hoover,879 Woodsman Lane,(470) 594-8260,BHoover@gmail.com
cust0561,Karl Cervantes,8761 North Dr.,(513) 465-2638,KCervantes@aol.com
cust0562,Nate Reese,8907 Hartford St.,(510) 398-8826,NReese@aol.com
cust0563,Elijah Houston,8949 West Delaware Ave.,(484) 611-7271,EHouston@gmail.com
cust0564,Karl Mullins,384 Carriage Street,(610) 842-4284,KMullins@yahoo.com
cust0565,Idris Moore,879 Woodsman Lane,(484) 611-7271,IMoore@mac.com
cust0566,Karl Hernandez,9865 Canal Street,(358) 865-0197,KHernandez@outlook.com
cust0567,Yuri Frost,87 East Acacia St.,(776) 306-1111,YFrost@gmail.com
cust0568,Victor Moore,879 Woodsman Lane,(662) 255-5500,VMoore@mac.com
cust0569,Red Casey,9865 Canal Street,(510) 398-8826,RCasey@mac.com
cust0570,Red Pope,106 Sage Street,(988) 479-5775,RPope@aol.com
cust0571,Karl Houston,5 Smoky Hollow Ave.,(694) 547-4859,KHouston@mac.com
cust0572,Karl Cole,8761 North Dr.,(648) 252-6439,KCole@outlook.com
cust0573,Elijah Mays,274 George St.,(685) 645-7985,EMays@outlook.com
cust0574,Frank Kirby,40 Ramblewood St.,(291) 991-3613,FKirby@aol.com
cust0575,Yuri Reese,11 Wayne Rd.,(988) 479-5775,YReese@aol.com
cust0576,Bill Mcmillan,274 George St.,(470) 594-8260,BMcmillan@aol.com
cust0577,Dave Mays,144 Fawn Dr.,(699) 943-1537,DMays@gmail.com
cust0578,Xander Casey,274 George St.,(872) 208-7807,XCasey@mac.com
cust0579,Harry Pena,8761 North Dr.,(736) 777-4851,HPena@yahoo.com
cust0580,Xander Mullins,87 East Acacia St.,(534) 985-2899,XMullins@outlook.com
cust0581,Aaron Mcmillan,11 Wayne Rd.,(535) 219-8331,AMcmillan@gmail.com
cust0582,Idris Mcmillan,54 Bay Street,(291) 991-3613,IMcmillan@yahoo.com
cust0583,Dave Mullins,7685 Piper St.,(699) 521-0897,DMullins@outlook.com
cust0584,Dave Reese,8949 West Delaware Ave.,(776) 306-1111,DReese@outlook.com
cust0585,Frank Pope,40 Ramblewood St.,(610) 842-4284,FPope@outlook.com
cust0586,Oscar Todd,384 Carriage Street,(535) 219-8331,OTodd@mac.com
cust0587,Harry Pace,930 Peninsula Street,(776) 306-1111,HPace@aol.com
cust0588,Dave Carlson,32 Rocky River Dr.,(680) 889-4277,DCarlson@gmail.com
cust0589,Ulysses Frost,7798 West Bay Meadows Street,(610) 842-4284,UFrost@yahoo.com
cust0590,Harry Mcmillan,8907 Hartford St.,(699) 943-1537,HMcmillan@mac.com
cust0591,Victor Houston,3 Bank Dr.,(259) 918-3153,VHouston@gmail.com
cust0592,Victor Andrade,11 Wayne Rd.,(776) 306-1111,VAndrade@aol.com
cust0593,George Phelps,3 Bank Dr.,(510) 398-8826,GPhelps@outlook.com
cust0594,Dave Hoover,930 Peninsula Street,(699) 943-1537,DHoover@gmail.com
cust0595,Warren Andrade,384 Carriage Street,(461) 973-0480,WAndrade@outlook.com
cust0596,Steve Cervantes,802 Wayne Street,(662) 255-5500,SCervantes@mac.com
cust0597,Steve Compton,7262 Marlborough St.,(213) 759-0227,SCompton@aol.com
cust0598,Harry Todd,7262 Marlborough St.,(259) 918-3153,HTodd@gmail.com
cust0599,Harry Mullins,11 Wayne Rd.,(988) 479-5775,HMullins@yahoo.com
cust0600,Jerry Hudson,8907 Hartford St.,(610) 842-4284,JHudson@aol.com
cust0601,Dave Cervantes,32 Rocky River Dr.,(461) 973-0480,DCervantes@gmail.com
cust0602,Jerry Todd,11 Wayne Rd.,(662) 255-5500,JTodd@outlook.com
cust0603,George Carlson,930 Peninsula Street,(685) 645-7985,GCarlson@yahoo.com
cust0604,Victor Frost,9865 Canal Street,(872) 208-7807,VFrost@aol.com
cust0605,Lenny Santiago,106 Sage Street,(484) 611-7271,LSantiago@yahoo.com
cust0606,Yuri Houston,5 Smoky Hollow Ave.,(269) 776-8706,YHouston@outlook.com
cust0607,Oscar Kirby,11 Wayne Rd.,(684) 837-4209,OKirby@mac.com
cust0608,Yuri Hoover,54 Bay Street,(736) 777-4851,YHoover@aol.com
cust0609,Victor Reese,5 Smoky Hollow Ave.,(776) 306-1111,VReese@yahoo.com
cust0610,Yuri Todd,87 East Acacia St.,(535) 219-8331,YTodd@aol.com
cust0611,Bill Gibson,7798 West Bay Meadows Street,(699) 943-1537,BGibson@yahoo.com
cust0612,Yuri Mcmillan,8949 West Delaware Ave.,(358) 865-0197,YMcmillan@yahoo.com
cust0613,Harry Santiago,32 Rocky River Dr.,(358) 865-0197,HSantiago@yahoo.com
cust0614,Frank Moore,699 Arch St.,(510) 398-8826,FMoore@outlook.com
cust0615,Charley Kirby,384 Carriage Street,(776) 306-1111,CKirby@gmail.com
cust0616,Jerry Mays,166 Lookout St.,(685) 645-7985,JMays@outlook.com
cust0617,Elijah Gibson,802 Wayne Street,(699) 943-1537,EGibson@yahoo.com
cust0618,Zed Mcmillan,384 Carriage Street,(662) 255-5500,ZMcmillan@mac.com
cust0619,Frank Kirby,11 Wayne Rd.,(461) 973-0480,FKirby@mac.com
cust0620,Zed Mays,930 Peninsula Street,(662) 255-5500,ZMays@yahoo.com
cust0621,Victor Cole,54 Bay Street,(291) 991-3613,VCole@yahoo.com
cust0622,Yuri Reese,32 Rocky River Dr.,(648) 252-6439,YReese@outlook.com
cust0623,Xander Pitts,106 Sage Street,(259) 918-3153,XPitts@outlook.com
cust0624,Nate Moore,7262 Marlborough St.,(484) 611-7271,NMoore@outlook.com
cust0625,Xander Houston,879 Woodsman Lane,(872) 208-7807,XHouston@outlook.com
cust0626,Red Pope,9865 Canal Street,(699) 521-0897,RPope@yahoo.com
cust0627,Nate Moore,8907 Hartford St.,(259) 918-3153,NMoore@gmail.com
cust0628,Aaron Compton,699 Arch St.,(291) 991-3613,ACompton@yahoo.com
cust0629,Dave Gibson,166 Lookout St.,(358) 865-0197,DGibson@mac.com
cust0630,Harry Blake,802 Wayne Street,(694) 547-4859,HBlake@aol.com
cust0631,Karl Mays,166 Lookout St.,(872) 208-7807,KMays@mac.com
cust0632,Oscar Hernandez,144 Fawn Dr.,(291) 991-3613,OHernandez@gmail.com
cust0633,Harry Hoover,274 George St.,(878) 371-3922,HHoover@aol.com
cust0634,Q Moore,7685 Piper St.,(470) 594-8260,QMoore@mac.com
cust0635,Terry Kirby,40 Ramblewood St.,(213) 759-0227,TKirby@mac.com
cust0636,Jerry Mcmillan,58 Brewery Street,(736) 777-4851,JMcmillan@gmail.com
cust0637,Charley Kirby,58 Brewery Street,(699) 943-1537,CKirby@yahoo.com
cust0638,Pete Pope,87 East Acacia St.,(776) 306-1111,PPope@gmail.com
cust0639,Terry Reese,58 Brewery Street,(610) 842-4284,TReese@yahoo.com
cust0640,Bill Mullins,7798 West Bay Meadows Street,(872) 208-7807,BMullins@mac.com
cust0641,George Kirby,8949 West Delaware Ave.,(680) 889-4277,GKirby@gmail.com
cust0642,Terry Hernandez,7798 West Bay Meadows Street,(259) 918-3153,THernandez@gmail.com
cust0643,Victor Reese,87 East Acacia St.,(535) 219-8331,VReese@aol.com
cust0644,Ulysses Cervantes,3 Bank Dr.,(513) 465-2638,UCervantes@mac.com
cust0645,Charley Blake,7685 Piper St.,(699) 943-1537,CBlake@aol.com
cust0646,Warren Hernandez,40 Ramblewood St.,(694) 547-4859,WHernandez@yahoo.com
cust0647,Steve Gibson,5 Smoky Hollow Ave.,(699) 943-1537,SGibson@aol.com
cust0648,Lenny Hudson,40 Ramblewood St.,(988) 479-5775,LHudson@mac.com
cust0649,Yuri Todd,11 Wayne Rd.,(484) 611-7271,YTodd@mac.com
cust0650,Steve Santiago,8949 West Delaware Ave.,(535) 219-8331,SSantiago@aol.com
cust0651,Lenny Cervantes,274 George St.,(291) 991-3613,LCervantes@gmail.com
cust0652,George Pitts,11 Wayne Rd.,(535) 219-8331,GPitts@aol.com
cust0653,Steve Kirby,54 Bay Street,(291) 991-3613,SKirby@mac.com
cust0654,Bill Mullins,87 East Acacia St.,(534) 985-2899,BMullins@gmail.com
cust0655,Red Cervantes,9865 Canal Street,(461) 973-0480,RCervantes@gmail.com
cust0656,Frank Mays,802 Wayne Street,(699) 943-1537,FMays@yahoo.com
cust0657,Red Pitts,58 Brewery Street,(988) 479-5775,RPitts@aol.com
cust0658,Dave Pace,802 Wayne Street,(259) 918-3153,DPace@outlook.com
cust0659,Red Gibson,384 Carriage Street,(358) 865-0197,RGibson@mac.com
cust0660,Victor Hudson,846 James Ave.,(269) 776-8706,VHudson@outlook.com
cust0661,Zed Mcmillan,8761 North Dr.,(484) 611-7271,ZMcmillan@mac.com
cust0662,Q Pena,8949 West Delaware Ave.,(213) 759-0227,QPena@outlook.com
cust0663,Zed Pope,3 Bank Dr.,(269) 776-8706,ZPope@yahoo.com
cust0664,Oscar Andrade,930 Peninsula Street,(694) 547-4859,OAndrade@gmail.com
cust0665,Frank Kirby,32 Rocky River Dr.,(694) 547-4859,FKirby@outlook.com
cust0666,Lenny Todd,106 Sage Street,(988) 479-5775,LTodd@outlook.com
cust0667,Frank Gibson,699 Arch St.,(269) 776-8706,FGibson@yahoo.com
cust0668,Jerry Hernandez,930 Peninsula Street,(699) 521-0897,JHernandez@mac.com
cust0669,Oscar Pace,930 Peninsula Street,(872) 208-7807,OPace@aol.com
cust0670,Pete Todd,384 Carriage Street,(259) 918-3153,PTodd@aol.com
cust0671,Terry Pena,106 Sage Street,(358) 865-0197,TPena@gmail.com
cust0672,Nate Hoover,8761 North Dr.,(694) 547-4859,NHoover@aol.com
cust0673,Ulysses Carlson,166 Lookout St.,(648) 252-6439,UCarlson@aol.com
cust0674,Pete Compton,87 East Acacia St.,(699) 521-0897,PCompton@gmail.com
cust0675,Pete Carlson,879 Woodsman Lane,(259) 918-3153,PCarlson@gmail.com
cust0676,Charley Compton,40 Ramblewood St.,(291) 991-3613,CCompton@outlook.com
cust0677,Pete Moore,9865 Canal Street,(680) 889-4277,PMoore@mac.com
cust0678,Yuri Mcmillan,40 Ramblewood St.,(988) 479-5775,YMcmillan@outlook.com
cust0679,Red Cole,166 Lookout St.,(648) 252-6439,RCole@yahoo.com
cust0680,Terry Pace,87 East Acacia St.,(878) 371-3922,TPace@aol.com
cust0681,Dave Pitts,556 Franklin Dr.,(461) 973-0480,DPitts@outlook.com
cust0682,Dave Santiago,846 James Ave.,(699) 521-0897,DSantiago@aol.com
cust0683,Ulysses Phelps,5 Smoky Hollow Ave.,(662) 255-5500,UPhelps@gmail.com
cust0684,Pete Santiago,58 Brewery Street,(684) 837-4209,PSantiago@outlook.com
cust0685,Harry Frost,556 Franklin Dr.,(699) 521-0897,HFrost@aol.com
cust0686,Steve Pace,699 Arch St.,(610) 842-4284,SPace@mac.com
cust0687,Oscar Houston,144 Fawn Dr.,(684) 837-4209,OHouston@aol.com
cust0688,Yuri Casey,8907 Hartford St.,(699) 521-0897,YCasey@gmail.com
cust0689,Lenny Hoover,930 Peninsula Street,(534) 985-2899,LHoover@aol.com
cust0690,Q Houston,274 George St.,(213) 759-0227,QHouston@gmail.com
cust0691,Yuri Mullins,32 Rocky River Dr.,(648) 252-6439,YMullins@yahoo.com
cust0692,Lenny Hudson,274 George St.,(513) 465-2638,LHudson@mac.com
cust0693,Karl Todd,8907 Hartford St.,(872) 208-7807,KTodd@outlook.com
cust0694,Steve Pena,930 Peninsula Street,(988) 479-5775,SPena@mac.com
cust0695,Victor Gibson,699 Arch St.,(648) 252-6439,VGibson@mac.com
cust0696,Jerry Houston,699 Arch St.,(610) 842-4284,JHouston@gmail.com
cust0697,Ulysses Carlson,384 Carriage Street,(662) 255-5500,UCarlson@gmail.com
cust0698,Karl Mays,699 Arch St.,(662) 255-5500,KMays@aol.com
cust0699,Oscar Hernandez,58 Brewery Street,(662) 255-5500,OHernandez@aol.com
cust0700,Charley Pena,166 Lookout St.,(694) 547-4859,CPena@yahoo.com
cust0701,Nate Pitts,166 Lookout St.,(213) 759-0227,NPitts@mac.com
cust0702,Yuri Andrade,802 Wayne Street,(259) 918-3153,YAndrade@aol.com
cust0703,Bill Cole,846 James Ave.,(872) 208-7807,BCole@yahoo.com
cust0704,Yuri Reese,556 Franklin Dr.,(699) 943-1537,YReese@gmail.com
cust0705,Pete Mullins,5 Smoky Hollow Ave.,(259) 918-3153,PMullins@yahoo.com
cust0706,Terry Cervantes,11 Wayne Rd.,(684) 837-4209,TCervantes@yahoo.com
cust0707,Oscar Houston,3 Bank Dr.,(699) 521-0897,OHouston@aol.com
cust0708,Red Mcmillan,802 Wayne Street,(878) 371-3922,RMcmillan@mac.com
cust0709,Bill Moore,384 Carriage Street,(358) 865-0197,BMoore@gmail.com
cust0710,Q Phelps,11 Wayne Rd.,(680) 889-4277,QPhelps@mac.com
cust0711,Idris Phelps,3 Bank Dr.,(694) 547-4859,IPhelps@mac.com
cust0712,George Houston,144 Fawn Dr.,(694) 547-4859,GHouston@aol.com
cust0713,Red Todd,7798 West Bay Meadows Street,(684) 837-4209,RTodd@gmail.com
cust0714,Mike Hernandez,106 Sage Street,(872) 208-7807,MHernandez@gmail.com
cust0715,Steve Pace,846 James Ave.,(291) 991-3613,SPace@outlook.com
cust0716,Terry Cervantes,58 Brewery Street,(470) 594-8260,TCervantes@outlook.com
cust0717,Nate Mays,384 Carriage Street,(484) 611-7271,NMays@outlook.com
cust0718,Terry Frost,54 Bay Street,(269) 776-8706,TFrost@aol.com
cust0719,Bill Casey,5 Smoky Hollow Ave.,(699) 943-1537,BCasey@aol.com
cust0720,Aaron Houston,166 Lookout St.,(510) 398-8826,AHouston@yahoo.com
cust0721,Charley Pope,144 Fawn Dr.,(699) 943-1537,CPope@outlook.com
cust0722,Charley Phelps,384 Carriage Street,(872) 208-7807,CPhelps@mac.com
cust0723,Frank Compton,7685 Piper St.,(776) 306-1111,FCompton@mac.com
cust0724,Idris Pope,54 Bay Street,(484) 611-7271,IPope@yahoo.com
cust0725,Idris Blake,7685 Piper St.,(259) 918-3153,IBlake@mac.com
cust0726,George Reese,87 East Acacia St.,(213) 759-0227,GReese@aol.com
cust0727,Idris Todd,7685 Piper St.,(513) 465-2638,ITodd@aol.com
cust0728,Karl Todd,846 James Ave.,(694) 547-4859,KTodd@outlook.com
cust0729,Karl Cole,32 Rocky River Dr.,(269) 776-8706,KCole@mac.com
cust0730,Yuri Gibson,8761 North Dr.,(685) 645-7985,YGibson@aol.com
cust0731,Steve Hernandez,7262 Marlborough St.,(872) 208-7807,SHernandez@mac.com
cust0732,Yuri Blake,3 Bank Dr.,(291) 991-3613,YBlake@outlook.com
cust0733,Ulysses Moore,58 Brewery Street,(461) 973-0480,UMoore@yahoo.com
cust0734,Mike Hudson,106 Sage Street,(648) 252-6439,MHudson@yahoo.com
cust0735,Idris Pitts,106 Sage Street,(648) 252-6439,IPitts@mac.com
cust0736,Warren Kirby,699 Arch St.,(662) 255-5500,WKirby@aol.com
cust0737,Elijah Blake,7798 West Bay Meadows Street,(291) 991-3613,EBlake@outlook.com
cust0738,Yuri Mullins,8761 North Dr.,(291) 991-3613,YMullins@outlook.com
cust0739,Terry Mcmillan,11 Wayne Rd.,(213) 759-0227,TMcmillan@yahoo.com
cust0740,Xander Compton,3 Bank Dr.,(988) 479-5775,XCompton@gmail.com
cust0741,Xander Cole,40 Ramblewood St.,(534) 985-2899,XCole@gmail.com
cust0742,Zed Casey,8761 North Dr.,(535) 219-8331,ZCasey@outlook.com
cust0743,George Pace,879 Woodsman Lane,(510) 398-8826,GPace@mac.com
cust0744,Harry Mays,846 James Ave.,(872) 208-7807,HMays@mac.com
cust0745,Lenny Pace,3 Bank Dr.,(699) 943-1537,LPace@yahoo.com
cust0746,Xander Pena,11 Wayne Rd.,(662) 255-5500,XPena@mac.com
cust0747,Idris Hernandez,699 Arch St.,(699) 521-0897,IHernandez@yahoo.com
cust0748,George Pitts,8761 North Dr.,(470) 594-8260,GPitts@mac.com
cust0749,Charley Pope,5 Smoky Hollow Ave.,(736) 777-4851,CPope@aol.com
cust0750,Nate Reese,5 Smoky Hollow Ave.,(699) 521-0897,NReese@mac.com
cust0751,Zed Frost,7262 Marlborough St.,(662) 255-5500,ZFrost@yahoo.com
cust0752,Nate Gibson,8949 West Delaware Ave.,(484) 611-7271,NGibson@outlook.com
cust0753,Lenny Hoover,54 Bay Street,(510) 398-8826,LHoover@outlook.com
cust0754,Ulysses Pope,7798 West Bay Meadows Street,(461) 973-0480,UPope@gmail.com
cust0755,Victor Cole,699 Arch St.,(699) 943-1537,VCole@mac.com
cust0756,Red Cervantes,8761 North Dr.,(878) 371-3922,RCervantes@aol.com
cust0757,Victor Frost,87 East Acacia St.,(510) 398-8826,VFrost@mac.com
cust0758,Frank Reese,7262 Marlborough St.,(461) 973-0480,FReese@outlook.com
cust0759,Victor Hoover,11 Wayne Rd.,(694) 547-4859,VHoover@outlook.com
cust0760,Aaron Casey,274 George St.,(694) 547-4859,ACasey@aol.com
cust0761,Dave Moore,556 Franklin Dr.,(878) 371-3922,DMoore@yahoo.com
cust0762,Ulysses Blake,556 Franklin Dr.,(694) 547-4859,UBlake@mac.com
cust0763,Terry Frost,8949 West Delaware Ave.,(694) 547-4859,TFrost@mac.com
cust0764,Frank Compton,3 Bank Dr.,(213) 759-0227,FCompton@aol.com
cust0765,Idris Houston,40 Ramblewood St.,(988) 479-5775,IHouston@gmail.com
cust0766,Terry Phelps,9865 Canal Street,(680) 889-4277,TPhelps@outlook.com
cust0767,Zed Blake,7262 Marlborough St.,(776) 306-1111,ZBlake@yahoo.com
cust0768,Harry Houston,8949 West Delaware Ave.,(213) 759-0227,HHouston@gmail.com
cust0769,Karl Mullins,11 Wayne Rd.,(694) 547-4859,KMullins@gmail.com
cust0770,George Frost,144 Fawn Dr.,(680) 889-4277,GFrost@gmail.com
cust0771,Oscar Reese,879 Woodsman Lane,(358) 865-0197,OReese@aol.com
cust0772,Charley Compton,32 Rocky River Dr.,(684) 837-4209,CCompton@aol.com
cust0773,Pete Cervantes,879 Woodsman Lane,(259) 918-3153,PCervantes@aol.com
cust0774,Warren Frost,802 Wayne Street,(534) 985-2899,WFrost@aol.com
cust0775,Yuri Cole,879 Woodsman Lane,(878) 371-3922,YCole@aol.com
cust0776,Victor Reese,166 Lookout St.,(269) 776-8706,VReese@gmail.com
cust0777,Ulysses Casey,384 Carriage Street,(685) 645-7985,UCasey@gmail.com
cust0778,Pete Houston,556 Franklin Dr.,(648) 252-6439,PHouston@gmail.com
cust0779,Dave Todd,879 Woodsman Lane,(213) 759-0227,DTodd@aol.com
cust0780,Q Todd,40 Ramblewood St.,(694) 547-4859,QTodd@mac.com
cust0781,Aaron Cole,699 Arch St.,(680) 889-4277,ACole@gmail.com
cust0782,Steve Hoover,9865 Canal Street,(213) 759-0227,SHoover@gmail.com
cust0783,Karl Hernandez,106 Sage Street,(510) 398-8826,KHernandez@outlook.com
cust0784,Aaron Mullins,11 Wayne Rd.,(461) 973-0480,AMullins@gmail.com
cust0785,Yuri Compton,54 Bay Street,(610) 842-4284,YCompton@aol.com
cust0786,Zed Mcmillan,879 Woodsman Lane,(610) 842-4284,ZMcmillan@gmail.com
cust0787,George Pitts,8761 North Dr.,(269) 776-8706,GPitts@outlook.com
cust0788,Frank Andrade,7685 Piper St.,(776) 306-1111,FAndrade@gmail.com
cust0789,Terry Hudson,846 James Ave.,(872) 208-7807,THudson@gmail.com
cust0790,Terry Mullins,556 Franklin Dr.,(461) 973-0480,TMullins@yahoo.com
cust0791,Ulysses Pope,58 Brewery Street,(699) 943-1537,UPope@outlook.com
cust0792,Frank Carlson,106 Sage Street,(694) 547-4859,FCarlson@yahoo.com
cust0793,Yuri Gibson,11 Wayne Rd.,(736) 777-4851,YGibson@yahoo.com
cust0794,Warren Cervantes,54 Bay Street,(213) 759-0227,WCervantes@yahoo.com
cust0795,Elijah Hoover,32 Rocky River Dr.,(776) 306-1111,EHoover@yahoo.com
cust0796,Steve Mcmillan,930 Peninsula Street,(291) 991-3613,SMcmillan@mac.com
cust0797,Bill Pena,556 Franklin Dr.,(699) 521-0897,BPena@mac.com
cust0798,Xander Mcmillan,556 Franklin Dr.,(736) 777-4851,XMcmillan@aol.com
cust0799,Yuri Pope,58 Brewery Street,(694) 547-4859,YPope@yahoo.com
cust0800,Nate Hudson,8949 West Delaware Ave.,(269) 776-8706,NHudson@aol.com
cust0801,Ulysses Kirby,87 East Acacia St.,(510) 398-8826,UKirby@outlook.com
cust0802,Oscar Gibson,32 Rocky River Dr.,(662) 255-5500,OGibson@aol.com
cust0803,Warren Houston,7798 West Bay Meadows Street,(872) 208-7807,WHouston@mac.com
cust0804,Red Pace,40 Ramblewood St.,(736) 777-4851,RPace@yahoo.com
cust0805,Yuri Mullins,7262 Marlborough St.,(699) 943-1537,YMullins@yahoo.com
cust0806,Terry Carlson,7798 West Bay Meadows Street,(685) 645-7985,TCarlson@outlook.com
cust0807,Victor Pitts,58 Brewery Street,(872) 208-7807,VPitts@aol.com
cust0808,Warren Cervantes,166 Lookout St.,(662) 255-5500,WCervantes@outlook.com
cust0809,Red Hudson,106 Sage Street,(988) 479-5775,RHudson@gmail.com
cust0810,Warren Casey,274 George St.,(988) 479-5775,WCasey@mac.com
cust0811,Aaron Compton,3 Bank Dr.,(699) 521-0897,ACompton@gmail.com
cust0812,Karl Kirby,699 Arch St.,(510) 398-8826,KKirby@gmail.com
cust0813,Nate Todd,879 Woodsman Lane,(461) 973-0480,NTodd@gmail.com
cust0814,Victor Carlson,384 Carriage Street,(988) 479-5775,VCarlson@aol.com
cust0815,Aaron Compton,802 Wayne Street,(648) 252-6439,ACompton@mac.com
cust0816,Warren Carlson,166 Lookout St.,(878) 371-3922,WCarlson@aol.com
cust0817,Warren Santiago,5 Smoky Hollow Ave.,(510) 398-8826,WSantiago@aol.com
cust0818,Elijah Frost,8907 Hartford St.,(988) 479-5775,EFrost@outlook.com
cust0819,Xander Carlson,87 East Acacia St.,(699) 943-1537,XCarlson@aol.com
cust0820,Idris Hudson,54 Bay Street,(694) 547-4859,IHudson@yahoo.com
cust0821,Idris Cole,8907 Hartford St.,(513) 465-2638,ICole@gmail.com
cust0822,Nate Kirby,58 Brewery Street,(685) 645-7985,NKirby@outlook.com
cust0823,Dave Todd,384 Carriage Street,(259) 918-3153,DTodd@yahoo.com
cust0824,Victor Pena,58 Brewery Street,(685) 645-7985,VPena@aol.com
cust0825,Dave Pitts,846 James Ave.,(461) 973-0480,DPitts@gmail.com
cust0826,Ulysses Pope,699 Arch St.,(736) 777-4851,UPope@gmail.com
cust0827,Victor Pena,384 Carriage Street,(510) 398-8826,VPena@yahoo.com
cust0828,Terry Mullins,87 East Acacia St.,(662) 255-5500,TMullins@aol.com
cust0829,Q Hudson,8761 North Dr.,(291) 991-3613,QHudson@outlook.com
cust0830,Jerry Hernandez,8761 North Dr.,(484) 611-7271,JHernandez@outlook.com
cust0831,Yuri Phelps,7798 West Bay Meadows Street,(988) 479-5775,YPhelps@yahoo.com
cust0832,Aaron Reese,7798 West Bay Meadows Street,(461) 973-0480,AReese@gmail.com
cust0833,George Mullins,106 Sage Street,(684) 837-4209,GMullins@gmail.com
cust0834,Warren Cervantes,699 Arch St.,(461) 973-0480,WCervantes@aol.com
cust0835,Xander Hudson,5 Smoky Hollow Ave.,(685) 645-7985,XHudson@gmail.com
cust0836,Karl Pena,7798 West Bay Meadows Street,(878) 371-3922,KPena@gmail.com
cust0837,Yuri Santiago,40 Ramblewood St.,(269) 776-8706,YSantiago@outlook.com
cust0838,Red Cervantes,384 Carriage Street,(694) 547-4859,RCervantes@yahoo.com
cust0839,Mike Santiago,11 Wayne Rd.,(513) 465-2638,MSantiago@yahoo.com
cust0840,Idris Mullins,8761 North Dr.,(699) 521-0897,IMullins@gmail.com
cust0841,Victor Moore,106 Sage Street,(685) 645-7985,VMoore@outlook.com
cust0842,Mike Reese,11 Wayne Rd.,(988) 479-5775,MReese@yahoo.com
cust0843,Jerry Reese,5 Smoky Hollow Ave.,(680) 889-4277,JReese@yahoo.com
cust0844,George Hudson,7685 Piper St.,(513) 465-2638,GHudson@outlook.com
cust0845,Jerry Reese,274 George St.,(484) 611-7271,JReese@outlook.com
cust0846,Aaron Andrade,879 Woodsman Lane,(684) 837-4209,AAndrade@gmail.com
cust0847,Frank Kirby,846 James Ave.,(648) 252-6439,FKirby@outlook.com
cust0848,Victor Moore,879 Woodsman Lane,(662) 255-5500,VMoore@outlook.com
cust0849,Victor Cole,9865 Canal Street,(648) 252-6439,VCole@gmail.com
cust0850,Q Mcmillan,556 Franklin Dr.,(484) 611-7271,QMcmillan@aol.com
cust0851,Aaron Moore,846 James Ave.,(680) 889-4277,AMoore@yahoo.com
cust0852,Lenny Casey,32 Rocky River Dr.,(535) 219-8331,LCasey@yahoo.com
cust0853,Lenny Kirby,11 Wayne Rd.,(513) 465-2638,LKirby@mac.com
cust0854,Warren Pitts,556 Franklin Dr.,(513) 465-2638,WPitts@gmail.com
cust0855,Victor Hudson,846 James Ave.,(694) 547-4859,VHudson@outlook.com
cust0856,Idris Hudson,106 Sage Street,(988) 479-5775,IHudson@aol.com
cust0857,Dave Hernandez,846 James Ave.,(470) 594-8260,DHernandez@aol.com
cust0858,Dave Pace,7798 West Bay Meadows Street,(513) 465-2638,DPace@outlook.com
cust0859,Harry Hoover,166 Lookout St.,(470) 594-8260,HHoover@gmail.com
cust0860,Victor Pitts,7685 Piper St.,(291) 991-3613,VPitts@gmail.com
cust0861,Ulysses Andrade,699 Arch St.,(736) 777-4851,UAndrade@mac.com
cust0862,Pete Moore,54 Bay Street,(484) 611-7271,PMoore@mac.com
cust0863,Lenny Reese,8949 West Delaware Ave.,(291) 991-3613,LReese@mac.com
cust0864,Mike Cervantes,274 George St.,(484) 611-7271,MCervantes@mac.com
cust0865,Warren Hoover,8761 North Dr.,(484) 611-7271,WHoover@aol.com
cust0866,Lenny Cervantes,11 Wayne Rd.,(269) 776-8706,LCervantes@aol.com
cust0867,Warren Casey,699 Arch St.,(662) 255-5500,WCasey@outlook.com
cust0868,Elijah Pace,556 Franklin Dr.,(684) 837-4209,EPace@aol.com
cust0869,Frank Casey,7262 Marlborough St.,(776) 306-1111,FCasey@mac.com
cust0870,Idris Pena,3 Bank Dr.,(269) 776-8706,IPena@outlook.com
cust0871,Ulysses Pace,58 Brewery Street,(259) 918-3153,UPace@mac.com
cust0872,Xander Todd,40 Ramblewood St.,(684) 837-4209,XTodd@yahoo.com
cust0873,Q Pace,5 Smoky Hollow Ave.,(513) 465-2638,QPace@outlook.com
cust0874,Frank Hudson,54 Bay Street,(648) 252-6439,FHudson@gmail.com
cust0875,Lenny Compton,9865 Canal Street,(988) 479-5775,LCompton@aol.com
cust0876,Ulysses Andrade,879 Woodsman Lane,(736) 777-4851,UAndrade@mac.com
cust0877,Lenny Pope,58 Brewery Street,(680) 889-4277,LPope@yahoo.com
cust0878,Aaron Reese,879 Woodsman Lane,(680) 889-4277,AReese@aol.com
cust0879,Yuri Mcmillan,274 George St.,(878) 371-3922,YMcmillan@outlook.com
cust0880,Red Frost,7798 West Bay Meadows Street,(699) 943-1537,RFrost@aol.com
cust0881,Q Pope,802 Wayne Street,(358) 865-0197,QPope@aol.com
cust0882,Q Pitts,5 Smoky Hollow Ave.,(269) 776-8706,QPitts@outlook.com
cust0883,Frank Pena,7685 Piper St.,(878) 371-3922,FPena@gmail.com
cust0884,Zed Andrade,802 Wayne Street,(872) 208-7807,ZAndrade@mac.com
cust0885,Frank Gibson,5 Smoky Hollow Ave.,(484) 611-7271,FGibson@mac.com
cust0886,Charley Carlson,54 Bay Street,(736) 777-4851,CCarlson@gmail.com
cust0887,Red Compton,40 Ramblewood St.,(470) 594-8260,RCompton@mac.com
cust0888,Red Pena,802 Wayne Street,(213) 759-0227,RPena@mac.com
cust0889,Terry Cole,3 Bank Dr.,(699) 943-1537,TCole@yahoo.com
cust0890,Nate Carlson,9865 Canal Street,(291) 991-3613,NCarlson@aol.com
cust0891,Yuri Frost,699 Arch St.,(213) 759-0227,YFrost@mac.com
cust0892,Jerry Houston,8949 West Delaware Ave.,(662) 255-5500,JHouston@yahoo.com
cust0893,Jerry Reese,846 James Ave.,(699) 943-1537,JReese@mac.com
cust0894,Oscar Compton,699 Arch St.,(694) 547-4859,OCompton@outlook.com
cust0895,Yuri Frost,32 Rocky River Dr.,(878) 371-3922,YFrost@outlook.com
cust0896,Warren Phelps,7798 West Bay Meadows Street,(534) 985-2899,WPhelps@mac.com
cust0897,Mike Andrade,3 Bank Dr.,(988) 479-5775,MAndrade@yahoo.com
cust0898,Ulysses Houston,8949 West Delaware Ave.,(684) 837-4209,UHouston@yahoo.com
cust0899,Bill Compton,556 Franklin Dr.,(269) 776-8706,BCompton@mac.com
cust0900,Elijah Frost,699 Arch St.,(461) 973-0480,EFrost@outlook.com
cust0901,Aaron Casey,40 Ramblewood St.,(988) 479-5775,ACasey@aol.com
cust0902,Zed Gibson,930 Peninsula Street,(776) 306-1111,ZGibson@aol.com
cust0903,Mike Mullins,40 Ramblewood St.,(699) 943-1537,MMullins@aol.com
cust0904,Harry Frost,879 Woodsman Lane,(259) 918-3153,HFrost@gmail.com
cust0905,Bill Pope,144 Fawn Dr.,(699) 521-0897,BPope@aol.com
cust0906,Pete Hoover,930 Peninsula Street,(534) 985-2899,PHoover@gmail.com
cust0907,Victor Andrade,166 Lookout St.,(680) 889-4277,VAndrade@yahoo.com
cust0908,Terry Cervantes,58 Brewery Street,(470) 594-8260,TCervantes@aol.com
cust0909,Zed Moore,144 Fawn Dr.,(291) 991-3613,ZMoore@outlook.com
cust0910,Jerry Compton,556 Franklin Dr.,(685) 645-7985,JCompton@aol.com
cust0911,Zed Reese,930 Peninsula Street,(213) 759-0227,ZReese@yahoo.com
cust0912,Terry Casey,384 Carriage Street,(534) 985-2899,TCasey@aol.com
cust0913,Idris Andrade,11 Wayne Rd.,(680) 889-4277,IAndrade@mac.com
cust0914,Elijah Mays,11 Wayne Rd.,(510) 398-8826,EMays@outlook.com
cust0915,Q Compton,58 Brewery Street,(699) 943-1537,QCompton@yahoo.com
cust0916,Frank Casey,8761 North Dr.,(694) 547-4859,FCasey@yahoo.com
cust0917,Pete Todd,54 Bay Street,(648) 252-6439,PTodd@gmail.com
cust0918,Warren Mcmillan,384 Carriage Street,(535) 219-8331,WMcmillan@outlook.com
cust0919,Jerry Carlson,846 James Ave.,(684) 837-4209,JCarlson@gmail.com
cust0920,Charley Blake,846 James Ave.,(259) 918-3153,CBlake@yahoo.com
cust0921,Bill Pope,11 Wayne Rd.,(259) 918-3153,BPope@mac.com
cust0922,George Todd,930 Peninsula Street,(470) 594-8260,GTodd@yahoo.com
cust0923,Warren Compton,40 Ramblewood St.,(694) 547-4859,WCompton@aol.com
cust0924,Elijah Gibson,8907 Hartford St.,(699) 521-0897,EGibson@outlook.com
cust0925,George Pace,58 Brewery Street,(988) 479-5775,GPace@yahoo.com
cust0926,Steve Mcmillan,930 Peninsula Street,(535) 219-8331,SMcmillan@yahoo.com
cust0927,Zed Phelps,699 Arch St.,(259) 918-3153,ZPhelps@yahoo.com
cust0928,Yuri Kirby,3 Bank Dr.,(662) 255-5500,YKirby@yahoo.com
cust0929,Harry Santiago,384 Carriage Street,(699) 521-0897,HSantiago@gmail.com
cust0930,Bill Blake,879 Woodsman Lane,(259) 918-3153,BBlake@yahoo.com
cust0931,Dave Phelps,40 Ramblewood St.,(988) 479-5775,DPhelps@mac.com
cust0932,Pete Todd,8907 Hartford St.,(776) 306-1111,PTodd@gmail.com
cust0933,Pete Casey,699 Arch St.,(484) 611-7271,PCasey@mac.com
cust0934,Red Hernandez,8761 North Dr.,(648) 252-6439,RHernandez@gmail.com
cust0935,Victor Carlson,144 Fawn Dr.,(872) 208-7807,VCarlson@mac.com
cust0936,Bill Reese,699 Arch St.,(736) 777-4851,BReese@mac.com
cust0937,Charley Kirby,32 Rocky River Dr.,(648) 252-6439,CKirby@outlook.com
cust0938,Dave Frost,7685 Piper St.,(461) 973-0480,DFrost@mac.com
cust0939,Nate Mcmillan,106 Sage Street,(358) 865-0197,NMcmillan@yahoo.com
cust0940,George Andrade,32 Rocky River Dr.,(988) 479-5775,GAndrade@outlook.com
cust0941,Dave Pope,846 James Ave.,(736) 777-4851,DPope@yahoo.com
cust0942,Mike Compton,87 East Acacia St.,(684) 837-4209,MCompton@gmail.com
cust0943,Ulysses Pope,144 Fawn Dr.,(534) 985-2899,UPope@mac.com
cust0944,Red Pena,7798 West Bay Meadows Street,(534) 985-2899,RPena@aol.com
cust0945,Q Hernandez,8907 Hartford St.,(269) 776-8706,QHernandez@mac.com
cust0946,Karl Phelps,3 Bank Dr.,(872) 208-7807,KPhelps@mac.com
cust0947,Q Pena,87 East Acacia St.,(534) 985-2899,QPena@outlook.com
cust0948,Ulysses Andrade,274 George St.,(513) 465-2638,UAndrade@gmail.com
cust0949,Ulysses Hudson,40 Ramblewood St.,(461) 973-0480,UHudson@yahoo.com
cust0950,Lenny Mullins,87 East Acacia St.,(259) 918-3153,LMullins@aol.com
cust0951,Idris Pena,802 Wayne Street,(694) 547-4859,IPena@aol.com
cust0952,Aaron Blake,384 Carriage Street,(648) 252-6439,ABlake@outlook.com
cust0953,Harry Santiago,802 Wayne Street,(680) 889-4277,HSantiago@aol.com
cust0954,Harry Santiago,274 George St.,(878) 371-3922,HSantiago@mac.com
cust0955,Red Santiago,8761 North Dr.,(776) 306-1111,RSantiago@yahoo.com
cust0956,Warren Pope,11 Wayne Rd.,(534) 985-2899,WPope@mac.com
cust0957,Warren Reese,8761 North Dr.,(699) 521-0897,WReese@gmail.com
cust0958,Victor Mullins,879 Woodsman Lane,(535) 219-8331,VMullins@outlook.com
cust0959,Frank Casey,9865 Canal Street,(461) 973-0480,FCasey@outlook.com
cust0960,Charley Phelps,846 James Ave.,(461) 973-0480,CPhelps@aol.com
cust0961,Aaron Carlson,144 Fawn Dr.,(269) 776-8706,ACarlson@outlook.com
cust0962,Dave Pitts,144 Fawn Dr.,(470) 594-8260,DPitts@gmail.com
cust0963,Bill Pace,40 Ramblewood St.,(736) 777-4851,BPace@outlook.com
cust0964,Aaron Houston,802 Wayne Street,(694) 547-4859,AHouston@aol.com
cust0965,Elijah Phelps,8761 North Dr.,(648) 252-6439,EPhelps@gmail.com
cust0966,Victor Houston,87 East Acacia St.,(736) 777-4851,VHouston@outlook.com
cust0967,Mike Andrade,8907 Hartford St.,(694) 547-4859,MAndrade@aol.com
cust0968,Xander Pitts,3 Bank Dr.,(513) 465-2638,XPitts@aol.com
cust0969,Mike Hudson,699 Arch St.,(259) 918-3153,MHudson@yahoo.com
cust0970,Mike Pitts,556 Franklin Dr.,(699) 943-1537,MPitts@mac.com
cust0971,Nate Moore,274 George St.,(358) 865-0197,NMoore@gmail.com
cust0972,Bill Reese,7262 Marlborough St.,(680) 889-4277,BReese@outlook.com
cust0973,Elijah Pena,7262 Marlborough St.,(694) 547-4859,EPena@mac.com
cust0974,Yuri Pace,8761 North Dr.,(461) 973-0480,YPace@gmail.com
cust0975,Frank Compton,54 Bay Street,(878) 371-3922,FCompton@aol.com
cust0976,Victor Hoover,8761 North Dr.,(358) 865-0197,VHoover@gmail.com
cust0977,Lenny Cervantes,54 Bay Street,(461) 973-0480,LCervantes@gmail.com
cust0978,Lenny Pena,7685 Piper St.,(358) 865-0197,LPena@aol.com
cust0979,Steve Santiago,58 Brewery Street,(510) 398-8826,SSantiago@mac.com
cust0980,Harry Todd,879 Woodsman Lane,(685) 645-7985,HTodd@aol.com
cust0981,Q Mcmillan,40 Ramblewood St.,(484) 611-7271,QMcmillan@outlook.com
cust0982,Victor Gibson,11 Wayne Rd.,(610) 842-4284,VGibson@aol.com
cust0983,Ulysses Mullins,556 Franklin Dr.,(694) 547-4859,UMullins@mac.com
cust0984,Terry Todd,802 Wayne Street,(685) 645-7985,TTodd@gmail.com
cust0985,Xander Pena,8761 North Dr.,(610) 842-4284,XPena@aol.com
cust0986,Aaron Mays,87 East Acacia St.,(269) 776-8706,AMays@aol.com
cust0987,Nate Andrade,3 Bank Dr.,(269) 776-8706,NAndrade@aol.com
cust0988,Red Carlson,58 Brewery Street,(662) 255-5500,RCarlson@mac.com
cust0989,Ulysses Houston,930 Peninsula Street,(699) 521-0897,UHouston@aol.com
cust0990,Pete Compton,87 East Acacia St.,(610) 842-4284,PCompton@yahoo.com
cust0991,Red Mcmillan,144 Fawn Dr.,(776) 306-1111,RMcmillan@aol.com
cust0992,Pete Casey,274 George St.,(694) 547-4859,PCasey@mac.com
cust0993,Warren Casey,87 East Acacia St.,(484) 611-7271,WCasey@mac.com
cust0994,Jerry Houston,802 Wayne Street,(470) 594-8260,JHouston@mac.com
cust0995,Frank Pope,384 Carriage Street,(291) 991-3613,FPope@mac.com
cust0996,Karl Kirby,7798 West Bay Meadows Street,(358) 865-0197,KKirby@aol.com
cust0997,Lenny Cervantes,846 James Ave.,(648) 252-6439,LCervantes@gmail.com
cust0998,Oscar Pace,699 Arch St.,(259) 918-3153,OPace@outlook.com
cust0999,Victor Pena,11 Wayne Rd.,(680) 889-4277,VPena@outlook.com
